,State,Total Votes,Republican Votes,Republican Percentage,Republican Electoral,Democratic Votes,Democratic Percentage,Democratic Electoral,President Elect,Winning Party,year
0,Alabama,214980,40930,19.0,0,0,0.0,0,Harry S Truman,D,1948
1,Arizona,177065,77597,43.8,0,95251,53.8,4,Harry S Truman,D,1948
2,Arkansas,242475,50959,21.0,0,149659,61.7,9,Harry S Truman,D,1948
3,California,4021538,1895269,47.1,0,1913134,47.6,25,Harry S Truman,D,1948
4,Colorado,515237,239714,46.5,0,267288,51.9,6,Harry S Truman,D,1948
5,Connecticut,883518,437754,49.5,8,423297,47.9,0,Harry S Truman,D,1948
6,Delaware,139073,69588,50.0,3,67813,48.8,0,Harry S Truman,D,1948
7,Florida,577643,194280,33.6,0,281988,48.8,8,Harry S Truman,D,1948
8,Georgia,418844,76691,18.3,0,254646,60.8,12,Harry S Truman,D,1948
9,Idaho,214816,101514,47.3,0,107370,50.0,4,Harry S Truman,D,1948
10,Illinois,3984046,1961103,49.2,0,1994715,50.1,28,Harry S Truman,D,1948
11,Indiana,1656212,821079,49.6,13,807831,48.8,0,Harry S Truman,D,1948
12,Iowa,1038264,494018,47.6,0,522380,50.3,10,Harry S Truman,D,1948
13,Kansas,788819,423039,53.6,8,351902,44.6,0,Harry S Truman,D,1948
14,Kentucky,822658,341210,41.5,0,466756,56.7,11,Harry S Truman,D,1948
15,Louisiana,416336,72657,17.5,0,136344,32.7,0,Harry S Truman,D,1948
16,Maine,264787,150234,56.7,5,111916,42.3,0,Harry S Truman,D,1948
17,Maryland,596748,294814,49.4,8,286521,48.0,0,Harry S Truman,D,1948
18,Massachusetts,2107146,909370,43.2,0,1151788,54.7,16,Harry S Truman,D,1948
19,Michigan,2109609,1038595,49.2,19,1003448,47.6,0,Harry S Truman,D,1948
20,Minnesota,1212226,483617,39.9,0,692966,57.2,11,Harry S Truman,D,1948
21,Mississippi,192190,5043,2.6,0,19384,10.1,0,Harry S Truman,D,1948
22,Missouri,1578628,655039,41.5,0,917315,58.1,15,Harry S Truman,D,1948
23,Montana,224278,96770,43.1,0,119071,53.1,4,Harry S Truman,D,1948
24,Nebraska,488940,264774,54.2,6,224165,45.8,0,Harry S Truman,D,1948
25,Nevada,62117,29357,47.3,0,31291,50.4,3,Harry S Truman,D,1948
26,New Hampshire,231440,121299,52.4,4,107995,46.7,0,Harry S Truman,D,1948
27,New Jersey,1949555,981124,50.3,16,895455,45.9,0,Harry S Truman,D,1948
28,New Mexico,187063,80303,42.9,0,105464,56.4,4,Harry S Truman,D,1948
29,New York,6177337,2841163,46.0,47,2780204,45.0,0,Harry S Truman,D,1948
30,North Carolina,791209,258572,32.7,0,459070,58.0,14,Harry S Truman,D,1948
31,North Dakota,220716,115139,52.2,4,95812,43.4,0,Harry S Truman,D,1948
32,Ohio,2936071,1445684,49.2,0,1452791,49.5,25,Harry S Truman,D,1948
33,Oklahoma,721599,268817,37.3,0,452782,62.7,10,Harry S Truman,D,1948
34,Oregon,524080,260904,49.8,6,243147,46.4,0,Harry S Truman,D,1948
35,Pennsylvania,3735348,1902197,50.9,35,1752426,46.9,0,Harry S Truman,D,1948
36,Rhode Island,327702,135787,41.4,0,188736,57.6,4,Harry S Truman,D,1948
37,South Carolina,142571,5386,3.8,0,34423,24.1,0,Harry S Truman,D,1948
38,South Dakota,250105,129651,51.8,4,117653,47.0,0,Harry S Truman,D,1948
39,Tennessee,550283,202914,36.9,0,270402,49.1,11,Harry S Truman,D,1948
40,Texas,1147245,282240,24.6,0,750700,65.4,23,Harry S Truman,D,1948
41,Utah,276306,124402,45.0,0,149151,54.0,4,Harry S Truman,D,1948
42,Vermont,123382,75926,61.5,3,45557,36.9,0,Harry S Truman,D,1948
43,Virginia,419256,172070,41.0,0,200786,47.9,11,Harry S Truman,D,1948
44,Washington,905058,386314,42.7,0,476165,52.6,8,Harry S Truman,D,1948
45,West Virginia,748750,316251,42.2,0,429188,57.3,8,Harry S Truman,D,1948
46,Wisconsin,1276800,590959,46.3,0,647310,50.7,12,Harry S Truman,D,1948
47,Wyoming,101425,47947,47.3,0,52354,51.6,3,Harry S Truman,D,1948
48,Alabama,426120,149231,35.0,0,275075,64.6,11,Dwight D. Eisenhower,R,1952
49,Arizona,260570,152042,58.3,4,108528,41.7,0,Dwight D. Eisenhower,R,1952
50,Arkansas,404800,177155,43.8,0,226300,55.9,8,Dwight D. Eisenhower,R,1952
51,California,5141849,2897310,56.3,32,2197548,42.7,0,Dwight D. Eisenhower,R,1952
52,Colorado,630103,379782,60.3,6,245504,39.0,0,Dwight D. Eisenhower,R,1952
53,Connecticut,1096911,611012,55.7,8,481649,43.9,0,Dwight D. Eisenhower,R,1952
54,Delaware,174025,90059,51.8,3,83315,47.9,0,Dwight D. Eisenhower,R,1952
55,Florida,989337,544036,55.0,10,444950,45.0,0,Dwight D. Eisenhower,R,1952
56,Georgia,655785,198961,30.3,0,456823,69.7,12,Dwight D. Eisenhower,R,1952
57,Idaho,276254,180707,65.4,4,95081,34.4,0,Dwight D. Eisenhower,R,1952
58,Illinois,4481058,2457327,54.8,27,2013920,44.9,0,Dwight D. Eisenhower,R,1952
59,Indiana,1955049,1136259,58.1,13,801530,41.0,0,Dwight D. Eisenhower,R,1952
60,Iowa,1268773,808906,63.8,10,451513,35.6,0,Dwight D. Eisenhower,R,1952
61,Kansas,896166,616302,68.8,8,273296,30.5,0,Dwight D. Eisenhower,R,1952
62,Kentucky,993148,495029,49.8,0,495729,49.9,10,Dwight D. Eisenhower,R,1952
63,Louisiana,651952,306925,47.1,0,345027,52.9,10,Dwight D. Eisenhower,R,1952
64,Maine,351786,232353,66.0,5,118806,33.8,0,Dwight D. Eisenhower,R,1952
65,Maryland,902074,499424,55.4,9,395337,43.8,0,Dwight D. Eisenhower,R,1952
66,Massachusetts,2383398,1292325,54.2,16,1083525,45.5,0,Dwight D. Eisenhower,R,1952
67,Michigan,2798592,1551529,55.4,20,1230657,44.0,0,Dwight D. Eisenhower,R,1952
68,Minnesota,1379483,763211,55.3,11,608458,44.1,0,Dwight D. Eisenhower,R,1952
69,Mississippi,285532,112966,39.6,0,172566,60.4,8,Dwight D. Eisenhower,R,1952
70,Missouri,1892062,959429,50.7,13,929830,49.1,0,Dwight D. Eisenhower,R,1952
71,Montana,265037,157394,59.4,4,106213,40.1,0,Dwight D. Eisenhower,R,1952
72,Nebraska,609660,421603,69.2,6,188057,30.8,0,Dwight D. Eisenhower,R,1952
73,Nevada,82190,50502,61.4,3,31688,38.6,0,Dwight D. Eisenhower,R,1952
74,New Hampshire,272950,166287,60.9,4,106663,39.1,0,Dwight D. Eisenhower,R,1952
75,New Jersey,2418554,1373613,56.8,16,1015902,42.0,0,Dwight D. Eisenhower,R,1952
76,New Mexico,238608,132170,55.4,4,105661,44.3,0,Dwight D. Eisenhower,R,1952
77,New York,7128239,3952813,55.5,45,3104601,43.6,0,Dwight D. Eisenhower,R,1952
78,North Carolina,1210910,558107,46.1,0,652803,53.9,14,Dwight D. Eisenhower,R,1952
79,North Dakota,270127,191712,71.0,4,76694,28.4,0,Dwight D. Eisenhower,R,1952
80,Ohio,3700758,2100391,56.8,25,1600367,43.2,0,Dwight D. Eisenhower,R,1952
81,Oklahoma,948984,518045,54.6,8,430939,45.4,0,Dwight D. Eisenhower,R,1952
82,Oregon,695059,420815,60.5,6,270579,38.9,0,Dwight D. Eisenhower,R,1952
83,Pennsylvania,4580969,2415789,52.7,32,2146269,46.9,0,Dwight D. Eisenhower,R,1952
84,Rhode Island,414498,210935,50.9,4,203293,49.0,0,Dwight D. Eisenhower,R,1952
85,South Carolina,341087,9793,2.9,0,173004,50.7,8,Dwight D. Eisenhower,R,1952
86,South Dakota,294283,203857,69.3,4,90426,30.7,0,Dwight D. Eisenhower,R,1952
87,Tennessee,892553,446147,50.0,11,443710,49.7,0,Dwight D. Eisenhower,R,1952
88,Texas,2075946,1102878,53.1,24,969228,46.7,0,Dwight D. Eisenhower,R,1952
89,Utah,329554,194190,58.9,4,135364,41.1,0,Dwight D. Eisenhower,R,1952
90,Vermont,153557,109717,71.5,3,43355,28.2,0,Dwight D. Eisenhower,R,1952
91,Virginia,619689,349037,56.3,12,268677,43.4,0,Dwight D. Eisenhower,R,1952
92,Washington,1102708,599107,54.3,9,492845,44.7,0,Dwight D. Eisenhower,R,1952
93,West Virginia,873548,419970,48.1,0,453578,51.9,8,Dwight D. Eisenhower,R,1952
94,Wisconsin,1607370,979744,61.0,12,622175,38.7,0,Dwight D. Eisenhower,R,1952
95,Wyoming,129253,81049,62.7,3,47934,37.1,0,Dwight D. Eisenhower,R,1952
96,Alabama,496861,195694,39.4,0,280844,56.5,10,Dwight D. Eisenhower,R,1956
97,Arizona,290173,176990,61.0,4,112880,38.9,0,Dwight D. Eisenhower,R,1956
98,Arkansas,406572,186287,45.8,0,213277,52.5,8,Dwight D. Eisenhower,R,1956
99,California,5466355,3027668,55.4,32,2420135,44.3,0,Dwight D. Eisenhower,R,1956
100,Colorado,657074,394479,60.0,6,257997,39.3,0,Dwight D. Eisenhower,R,1956
101,Connecticut,1117121,711837,63.7,8,405079,36.3,0,Dwight D. Eisenhower,R,1956
102,Delaware,177988,98057,55.1,3,79421,44.6,0,Dwight D. Eisenhower,R,1956
103,Florida,1125762,643849,57.2,10,480371,42.7,0,Dwight D. Eisenhower,R,1956
104,Georgia,669655,222778,33.3,0,444688,66.4,12,Dwight D. Eisenhower,R,1956
105,Idaho,272989,166979,61.2,4,105868,38.8,0,Dwight D. Eisenhower,R,1956
106,Illinois,4407407,2623327,59.5,27,1775682,40.3,0,Dwight D. Eisenhower,R,1956
107,Indiana,1974607,1182811,59.9,13,783908,39.7,0,Dwight D. Eisenhower,R,1956
108,Iowa,1234564,729187,59.1,10,501858,40.7,0,Dwight D. Eisenhower,R,1956
109,Kansas,866243,566878,65.4,8,296317,34.2,0,Dwight D. Eisenhower,R,1956
110,Kentucky,1053805,572192,54.3,10,476453,45.2,0,Dwight D. Eisenhower,R,1956
111,Louisiana,617544,329047,53.3,10,243977,39.5,0,Dwight D. Eisenhower,R,1956
112,Maine,351706,249238,70.9,5,102468,29.1,0,Dwight D. Eisenhower,R,1956
113,Maryland,932827,559738,60.0,9,372613,39.9,0,Dwight D. Eisenhower,R,1956
114,Massachusetts,2348506,1393197,59.3,16,948190,40.4,0,Dwight D. Eisenhower,R,1956
115,Michigan,3080468,1713647,55.6,20,1359898,44.1,0,Dwight D. Eisenhower,R,1956
116,Minnesota,1340005,719302,53.7,11,617525,46.1,0,Dwight D. Eisenhower,R,1956
117,Mississippi,248104,60685,24.5,0,144453,58.2,8,Dwight D. Eisenhower,R,1956
118,Missouri,1832562,914289,49.9,0,918273,50.1,13,Dwight D. Eisenhower,R,1956
119,Montana,271171,154933,57.1,4,116238,42.9,0,Dwight D. Eisenhower,R,1956
120,Nebraska,577137,378108,65.5,6,199029,34.5,0,Dwight D. Eisenhower,R,1956
121,Nevada,96689,56049,58.0,3,40640,42.0,0,Dwight D. Eisenhower,R,1956
122,New Hampshire,266994,176519,66.1,4,90364,33.8,0,Dwight D. Eisenhower,R,1956
123,New Jersey,2484312,1606942,64.7,16,850337,34.2,0,Dwight D. Eisenhower,R,1956
124,New Mexico,253926,146788,57.8,4,106098,41.8,0,Dwight D. Eisenhower,R,1956
125,New York,7095971,4345506,61.2,45,2747944,38.7,0,Dwight D. Eisenhower,R,1956
126,North Carolina,1165592,575062,49.3,0,590530,50.7,14,Dwight D. Eisenhower,R,1956
127,North Dakota,253991,156766,61.7,4,96742,38.1,0,Dwight D. Eisenhower,R,1956
128,Ohio,3702265,2262610,61.1,25,1439655,38.9,0,Dwight D. Eisenhower,R,1956
129,Oklahoma,859350,473769,55.1,8,385581,44.9,0,Dwight D. Eisenhower,R,1956
130,Oregon,736132,406393,55.2,6,329204,44.7,0,Dwight D. Eisenhower,R,1956
131,Pennsylvania,4576503,2585252,56.5,32,1981769,43.3,0,Dwight D. Eisenhower,R,1956
132,Rhode Island,387609,225819,58.3,4,161790,41.7,0,Dwight D. Eisenhower,R,1956
133,South Carolina,300583,75700,25.2,0,136372,45.4,8,Dwight D. Eisenhower,R,1956
134,South Dakota,293857,171569,58.4,4,122288,41.6,0,Dwight D. Eisenhower,R,1956
135,Tennessee,939404,462288,49.2,11,456507,48.6,0,Dwight D. Eisenhower,R,1956
136,Texas,1955168,1080619,55.3,24,859958,44.0,0,Dwight D. Eisenhower,R,1956
137,Utah,333995,215631,64.6,4,118364,35.4,0,Dwight D. Eisenhower,R,1956
138,Vermont,152978,110390,72.2,3,42549,27.8,0,Dwight D. Eisenhower,R,1956
139,Virginia,697978,386459,55.4,12,267760,38.4,0,Dwight D. Eisenhower,R,1956
140,Washington,1150889,620430,53.9,9,523002,45.4,0,Dwight D. Eisenhower,R,1956
141,West Virginia,830831,449297,54.1,8,381534,45.9,0,Dwight D. Eisenhower,R,1956
142,Wisconsin,1550558,954844,61.6,12,586768,37.8,0,Dwight D. Eisenhower,R,1956
143,Wyoming,124127,74573,60.1,3,49554,39.9,0,Dwight D. Eisenhower,R,1956
144,Alabama,570225,237981,41.7,0,324050,56.8,5,John F. Kennedy,D,1960
145,Alaska,60762,30953,50.9,3,29809,49.1,0,John F. Kennedy,D,1960
146,Arizona,398491,221241,55.5,4,176781,44.4,0,John F. Kennedy,D,1960
147,Arkansas,428509,184508,43.1,0,215049,50.2,8,John F. Kennedy,D,1960
148,California,6506578,3259722,50.1,32,3224099,49.6,0,John F. Kennedy,D,1960
149,Colorado,736236,402242,54.6,6,330629,44.9,0,John F. Kennedy,D,1960
150,Connecticut,1222883,565813,46.3,0,657055,53.7,8,John F. Kennedy,D,1960
151,Delaware,196683,96373,49.0,0,99590,50.6,3,John F. Kennedy,D,1960
152,Florida,1544176,795476,51.5,10,748700,48.5,0,John F. Kennedy,D,1960
153,Georgia,733349,274472,37.4,0,458638,62.5,12,John F. Kennedy,D,1960
154,Hawaii,184705,92295,50.0,0,92410,50.0,3,John F. Kennedy,D,1960
155,Idaho,300450,161597,53.8,4,138853,46.2,0,John F. Kennedy,D,1960
156,Illinois,4757409,2368988,49.8,0,2377846,50.0,27,John F. Kennedy,D,1960
157,Indiana,2135360,1175120,55.0,13,952358,44.6,0,John F. Kennedy,D,1960
158,Iowa,1273810,722381,56.7,10,550565,43.2,0,John F. Kennedy,D,1960
159,Kansas,928825,561474,60.4,8,363213,39.1,0,John F. Kennedy,D,1960
160,Kentucky,1124462,602607,53.6,10,521855,46.4,0,John F. Kennedy,D,1960
161,Louisiana,807891,230980,28.6,0,407339,50.4,10,John F. Kennedy,D,1960
162,Maine,421767,240608,57.0,5,181159,43.0,0,John F. Kennedy,D,1960
163,Maryland,1055349,489538,46.4,0,565808,53.6,9,John F. Kennedy,D,1960
164,Massachusetts,2469480,976750,39.6,0,1487174,60.2,16,John F. Kennedy,D,1960
165,Michigan,3318097,1620428,48.8,0,1687269,50.9,20,John F. Kennedy,D,1960
166,Minnesota,1541887,757915,49.2,0,779933,50.6,11,John F. Kennedy,D,1960
167,Mississippi,298171,73561,24.7,,108362,36.3,,John F. Kennedy,D,1960
168,Missouri,1934422,962221,49.7,0,972201,50.3,13,John F. Kennedy,D,1960
169,Montana,277579,141841,51.1,4,134891,48.6,0,John F. Kennedy,D,1960
170,Nebraska,613095,380553,62.1,6,232542,37.9,0,John F. Kennedy,D,1960
171,Nevada,107267,52387,48.8,0,54880,51.2,3,John F. Kennedy,D,1960
172,New Hampshire,295761,157989,53.4,4,137772,46.6,0,John F. Kennedy,D,1960
173,New Jersey,2773111,1363324,49.2,0,1385415,50.0,16,John F. Kennedy,D,1960
174,New Mexico,311107,153733,49.4,0,156027,50.2,4,John F. Kennedy,D,1960
175,New York,7291079,3446419,47.3,0,3830085,52.5,45,John F. Kennedy,D,1960
176,North Carolina,1368556,655420,47.9,0,713136,52.1,14,John F. Kennedy,D,1960
177,North Dakota,278431,154310,55.4,4,123963,44.5,0,John F. Kennedy,D,1960
178,Ohio,4161859,2217611,53.3,25,1944248,46.7,0,John F. Kennedy,D,1960
179,Oklahoma,903150,533039,59.0,7,370111,41.0,0,John F. Kennedy,D,1960
180,Oregon,776421,408060,52.6,6,367402,47.3,0,John F. Kennedy,D,1960
181,Pennsylvania,5006541,2439956,48.7,0,2556282,51.1,32,John F. Kennedy,D,1960
182,Rhode Island,405535,147502,36.4,0,258032,63.6,4,John F. Kennedy,D,1960
183,South Carolina,386688,188558,48.8,0,198129,51.2,8,John F. Kennedy,D,1960
184,South Dakota,306487,178417,58.2,4,128070,41.8,0,John F. Kennedy,D,1960
185,Tennessee,1051792,556577,52.9,11,481453,45.8,0,John F. Kennedy,D,1960
186,Texas,2311084,1121310,48.5,0,1167567,50.5,24,John F. Kennedy,D,1960
187,Utah,374709,205361,54.8,4,169248,45.2,0,John F. Kennedy,D,1960
188,Vermont,167324,98131,58.6,3,69186,41.3,0,John F. Kennedy,D,1960
189,Virginia,771449,404521,52.4,12,362327,47.0,0,John F. Kennedy,D,1960
190,Washington,1241572,629273,50.7,9,599298,48.3,0,John F. Kennedy,D,1960
191,West Virginia,837781,395995,47.3,0,441786,52.7,8,John F. Kennedy,D,1960
192,Wisconsin,1729082,895175,51.8,12,830805,48.0,0,John F. Kennedy,D,1960
193,Wyoming,140782,77451,55.0,3,63331,45.0,0,John F. Kennedy,D,1960
194,Alabama,689818,479085,69.5,10,0,0.0,0,Lyndon B. Johnson,D,1964
195,Alaska,67259,22930,34.1,0,44329,65.9,3,Lyndon B. Johnson,D,1964
196,Arizona,480770,242535,50.4,5,237753,49.5,0,Lyndon B. Johnson,D,1964
197,Arkansas,560426,243264,43.4,0,314197,56.1,6,Lyndon B. Johnson,D,1964
198,California,7057586,2879108,40.8,0,4171877,59.1,40,Lyndon B. Johnson,D,1964
199,Colorado,776986,296767,38.2,0,476024,61.3,6,Lyndon B. Johnson,D,1964
200,Connecticut,1218578,390996,32.1,0,826269,67.8,8,Lyndon B. Johnson,D,1964
201,Delaware,201320,78078,38.8,0,122704,60.9,3,Lyndon B. Johnson,D,1964
202,Dist. of Col.,198597,28801,14.5,0,169796,85.5,3,Lyndon B. Johnson,D,1964
203,Florida,1854481,905941,48.9,0,948540,51.1,14,Lyndon B. Johnson,D,1964
204,Georgia,1139335,616584,54.1,12,522556,45.9,0,Lyndon B. Johnson,D,1964
205,Hawaii,207271,44022,21.2,0,163249,78.8,4,Lyndon B. Johnson,D,1964
206,Idaho,292477,143557,49.1,0,148920,50.9,4,Lyndon B. Johnson,D,1964
207,Illinois,4702841,1905946,40.5,0,2796833,59.5,26,Lyndon B. Johnson,D,1964
208,Indiana,2091606,911118,43.6,0,1170848,56.0,13,Lyndon B. Johnson,D,1964
209,Iowa,1184539,449148,37.9,0,733030,61.9,9,Lyndon B. Johnson,D,1964
210,Kansas,857901,386579,45.1,0,464028,54.1,7,Lyndon B. Johnson,D,1964
211,Kentucky,1046105,372977,35.7,0,669659,64.0,9,Lyndon B. Johnson,D,1964
212,Louisiana,896293,509225,56.8,10,387068,43.2,0,Lyndon B. Johnson,D,1964
213,Maine,380965,118701,31.2,0,262264,68.8,4,Lyndon B. Johnson,D,1964
214,Maryland,1116457,385495,34.5,0,730912,65.5,10,Lyndon B. Johnson,D,1964
215,Massachusetts,2344798,549727,23.4,0,1786422,76.2,14,Lyndon B. Johnson,D,1964
216,Michigan,3203102,1060152,33.1,0,2136615,66.7,21,Lyndon B. Johnson,D,1964
217,Minnesota,1554462,559624,36.0,0,991117,63.8,10,Lyndon B. Johnson,D,1964
218,Mississippi,409146,356528,87.1,7,52618,12.9,0,Lyndon B. Johnson,D,1964
219,Missouri,1817879,653535,36.0,0,1164344,64.0,12,Lyndon B. Johnson,D,1964
220,Montana,278628,113032,40.6,0,164246,58.9,4,Lyndon B. Johnson,D,1964
221,Nebraska,584154,276847,47.4,0,307307,52.6,5,Lyndon B. Johnson,D,1964
222,Nevada,135433,56094,41.4,0,79339,58.6,3,Lyndon B. Johnson,D,1964
223,New Hampshire,288093,104029,36.1,0,184064,63.9,4,Lyndon B. Johnson,D,1964
224,New Jersey,2847663,964174,33.9,0,1868231,65.6,17,Lyndon B. Johnson,D,1964
225,New Mexico,328645,132838,40.4,0,194015,59.0,4,Lyndon B. Johnson,D,1964
226,New York,7166275,2243559,31.3,0,4913102,68.6,43,Lyndon B. Johnson,D,1964
227,North Carolina,1424983,624844,43.8,0,800139,56.2,13,Lyndon B. Johnson,D,1964
228,North Dakota,258389,108207,41.9,0,149784,58.0,4,Lyndon B. Johnson,D,1964
229,Ohio,3969196,1470865,37.1,0,2498331,62.9,26,Lyndon B. Johnson,D,1964
230,Oklahoma,932499,412665,44.3,0,519834,55.7,8,Lyndon B. Johnson,D,1964
231,Oregon,786305,282779,36.0,0,501017,63.7,6,Lyndon B. Johnson,D,1964
232,Pennsylvania,4822690,1673657,34.7,0,3130954,64.9,29,Lyndon B. Johnson,D,1964
233,Rhode Island,390091,74615,19.1,0,315463,80.9,4,Lyndon B. Johnson,D,1964
234,South Carolina,524779,309048,58.9,8,215723,41.1,0,Lyndon B. Johnson,D,1964
235,South Dakota,293118,130108,44.4,0,163010,55.6,4,Lyndon B. Johnson,D,1964
236,Tennessee,1143946,508965,44.5,0,634947,55.5,11,Lyndon B. Johnson,D,1964
237,Texas,2626811,958566,36.5,0,1663185,63.3,25,Lyndon B. Johnson,D,1964
238,Utah,401413,181785,45.3,0,219628,54.7,4,Lyndon B. Johnson,D,1964
239,Vermont,163089,54942,33.7,0,108127,66.3,3,Lyndon B. Johnson,D,1964
240,Virginia,1042267,481334,46.2,0,558038,53.5,12,Lyndon B. Johnson,D,1964
241,Washington,1258556,470366,37.4,0,779881,62.0,9,Lyndon B. Johnson,D,1964
242,West Virginia,792040,253953,32.1,0,538087,67.9,7,Lyndon B. Johnson,D,1964
243,Wisconsin,1691815,638495,37.7,0,1050424,62.1,12,Lyndon B. Johnson,D,1964
244,Wyoming,142716,61998,43.4,0,80718,56.6,3,Lyndon B. Johnson,D,1964
245,Alabama,1049922,146923,14.0,0,196579,18.7,0,Richard Nixon,R,1968
246,Alaska,83035,37600,45.3,3,35411,42.6,0,Richard Nixon,R,1968
247,Arizona,486936,266721,54.8,5,170514,35.0,0,Richard Nixon,R,1968
248,Arkansas,619969,190759,30.8,0,188228,30.4,0,Richard Nixon,R,1968
249,California,7251587,3467664,47.8,40,3244318,44.7,0,Richard Nixon,R,1968
250,Colorado,811199,409345,50.5,6,335174,41.3,0,Richard Nixon,R,1968
251,Connecticut,1256232,556721,44.3,0,621561,49.5,8,Richard Nixon,R,1968
252,Delaware,214367,96714,45.1,3,89194,41.6,0,Richard Nixon,R,1968
253,Dist. of Col.,170578,31012,18.2,0,139566,81.8,3,Richard Nixon,R,1968
254,Florida,2187805,886804,40.5,14,676794,30.9,0,Richard Nixon,R,1968
255,Georgia,1250266,380111,30.4,0,334440,26.7,0,Richard Nixon,R,1968
256,Hawaii,236218,91425,38.7,0,141324,59.8,4,Richard Nixon,R,1968
257,Idaho,291183,165369,56.8,4,89273,30.7,0,Richard Nixon,R,1968
258,Illinois,4619749,2174774,47.1,26,2039814,44.2,0,Richard Nixon,R,1968
259,Indiana,2123597,1067885,50.3,13,806659,38.0,0,Richard Nixon,R,1968
260,Iowa,1167931,619106,53.0,9,476699,40.8,0,Richard Nixon,R,1968
261,Kansas,872783,478674,54.8,7,302996,34.7,0,Richard Nixon,R,1968
262,Kentucky,1055893,462411,43.8,9,397541,37.6,0,Richard Nixon,R,1968
263,Louisiana,1097450,257535,23.5,0,309615,28.2,0,Richard Nixon,R,1968
264,Maine,392936,169254,43.1,0,217312,55.3,4,Richard Nixon,R,1968
265,Maryland,1235039,517995,41.9,0,538310,43.6,10,Richard Nixon,R,1968
266,Massachusetts,2331752,766844,32.9,0,1469218,63.0,14,Richard Nixon,R,1968
267,Michigan,3306250,1370665,41.5,0,1593082,48.2,21,Richard Nixon,R,1968
268,Minnesota,1588506,658643,41.5,0,857738,54.0,10,Richard Nixon,R,1968
269,Mississippi,654509,88516,13.5,0,150644,23.0,0,Richard Nixon,R,1968
270,Missouri,1809502,811932,44.9,12,791444,43.7,0,Richard Nixon,R,1968
271,Montana,274404,138835,50.6,4,114117,41.6,0,Richard Nixon,R,1968
272,Nebraska,536851,321163,59.8,5,170784,31.8,0,Richard Nixon,R,1968
273,Nevada,154218,73188,47.5,3,60598,39.3,0,Richard Nixon,R,1968
274,New Hampshire,297298,154903,52.1,4,130589,43.9,0,Richard Nixon,R,1968
275,New Jersey,2875395,1325467,46.1,17,1264206,44.0,0,Richard Nixon,R,1968
276,New Mexico,327350,169692,51.8,4,130081,39.7,0,Richard Nixon,R,1968
277,New York,6791688,3007932,44.3,0,3378470,49.7,43,Richard Nixon,R,1968
278,North Carolina,1587493,627192,39.5,12,464113,29.2,0,Richard Nixon,R,1968
279,North Dakota,247882,138669,55.9,4,94769,38.2,0,Richard Nixon,R,1968
280,Ohio,3959698,1791014,45.2,26,1700586,42.9,0,Richard Nixon,R,1968
281,Oklahoma,943086,449697,47.7,8,301658,32.0,0,Richard Nixon,R,1968
282,Oregon,819622,408433,49.8,6,358866,43.8,0,Richard Nixon,R,1968
283,Pennsylvania,4747928,2090017,44.0,0,2259405,47.6,29,Richard Nixon,R,1968
284,Rhode Island,385000,122359,31.8,0,246518,64.0,4,Richard Nixon,R,1968
285,South Carolina,666978,254062,38.1,8,197486,29.6,0,Richard Nixon,R,1968
286,South Dakota,281264,149841,53.3,4,118023,42.0,0,Richard Nixon,R,1968
287,Tennessee,1248617,472592,37.8,11,351233,28.1,0,Richard Nixon,R,1968
288,Texas,3079216,1227844,39.9,0,1266804,41.1,25,Richard Nixon,R,1968
289,Utah,422568,238728,56.5,4,156665,31.1,0,Richard Nixon,R,1968
290,Vermont,161404,85142,52.8,3,70255,43.5,0,Richard Nixon,R,1968
291,Virginia,1361491,590319,43.4,12,442387,32.5,0,Richard Nixon,R,1968
292,Washington,1304281,588510,45.1,0,616037,47.2,9,Richard Nixon,R,1968
293,West Virginia,754206,307555,40.8,0,374091,49.6,7,Richard Nixon,R,1968
294,Wisconsin,1691538,809997,47.9,12,748804,44.3,0,Richard Nixon,R,1968
295,Wyoming,127205,70927,55.8,3,45173,35.5,0,Richard Nixon,R,1968
296,Alabama,1006111,728701,72.4,9,256923,25.5,0,Richard Nixon,R,1972
297,Alaska,95219,55349,58.1,3,32967,34.6,0,Richard Nixon,R,1972
298,Arizona,622926,402812,64.7,6,198540,31.9,0,Richard Nixon,R,1972
299,Arkansas,651320,448541,68.9,6,199892,30.7,0,Richard Nixon,R,1972
300,California,8367862,4602096,55.0,45,3475847,41.5,0,Richard Nixon,R,1972
301,Colorado,953884,597189,62.6,7,329980,34.6,0,Richard Nixon,R,1972
302,Connecticut,1384277,810763,58.6,8,555498,40.1,0,Richard Nixon,R,1972
303,Delaware,235516,140357,59.6,3,92283,39.2,0,Richard Nixon,R,1972
304,Dist. of Col.,163421,35226,21.6,0,127627,78.1,3,Richard Nixon,R,1972
305,Florida,2583283,1857759,71.9,17,718117,27.8,0,Richard Nixon,R,1972
306,Georgia,1174772,881496,75.0,12,289529,24.6,0,Richard Nixon,R,1972
307,Hawaii,270274,168865,62.5,4,101409,37.5,0,Richard Nixon,R,1972
308,Idaho,310379,199384,64.2,4,80826,26.0,0,Richard Nixon,R,1972
309,Illinois,4723236,2788179,59.0,26,1913472,40.5,0,Richard Nixon,R,1972
310,Indiana,2125529,1405154,66.1,13,708568,33.3,0,Richard Nixon,R,1972
311,Iowa,1225944,706207,57.6,8,496206,40.5,0,Richard Nixon,R,1972
312,Kansas,916095,619812,67.7,7,270287,29.5,0,Richard Nixon,R,1972
313,Kentucky,1067499,676446,63.4,9,371159,34.8,0,Richard Nixon,R,1972
314,Louisiana,1051491,686852,65.3,10,298142,28.4,0,Richard Nixon,R,1972
315,Maine,417042,256458,61.5,4,160584,38.5,0,Richard Nixon,R,1972
316,Maryland,1353812,829305,61.3,10,505781,37.4,0,Richard Nixon,R,1972
317,Massachusetts,2458756,1112078,45.2,0,1332540,54.2,14,Richard Nixon,R,1972
318,Michigan,3489727,1961721,56.2,21,1459435,41.8,0,Richard Nixon,R,1972
319,Minnesota,1741652,898269,51.6,10,802346,46.1,0,Richard Nixon,R,1972
320,Mississippi,645963,505125,78.2,7,126782,19.6,0,Richard Nixon,R,1972
321,Missouri,1855803,1153852,62.2,12,697147,37.6,0,Richard Nixon,R,1972
322,Montana,317603,183976,57.9,4,120197,37.8,0,Richard Nixon,R,1972
323,Nebraska,576289,406298,70.5,5,169991,29.5,0,Richard Nixon,R,1972
324,Nevada,181766,115750,63.7,3,66016,36.3,0,Richard Nixon,R,1972
325,New Hampshire,334055,213724,64.0,4,116435,34.9,0,Richard Nixon,R,1972
326,New Jersey,2997229,1845502,61.6,17,1102211,36.8,0,Richard Nixon,R,1972
327,New Mexico,386241,235606,61.0,4,141084,36.5,0,Richard Nixon,R,1972
328,New York,7165919,4192778,58.5,41,2951084,41.2,0,Richard Nixon,R,1972
329,North Carolina,1518612,1054889,69.5,13,438705,28.9,0,Richard Nixon,R,1972
330,North Dakota,280514,174109,62.1,3,100384,35.8,0,Richard Nixon,R,1972
331,Ohio,4094787,2441827,59.6,25,1558889,38.1,0,Richard Nixon,R,1972
332,Oklahoma,1029900,759025,73.7,8,247147,24.0,0,Richard Nixon,R,1972
333,Oregon,927946,486686,52.4,6,392760,42.3,0,Richard Nixon,R,1972
334,Pennsylvania,4592106,2714521,59.1,27,1796951,39.1,0,Richard Nixon,R,1972
335,Rhode Island,415808,220383,53.0,4,194645,46.8,0,Richard Nixon,R,1972
336,South Carolina,673960,477044,70.8,8,186824,27.7,0,Richard Nixon,R,1972
337,South Dakota,307415,166476,54.2,4,139945,45.5,0,Richard Nixon,R,1972
338,Tennessee,1201182,813147,67.7,10,357293,29.7,0,Richard Nixon,R,1972
339,Texas,3471281,2298896,66.2,26,1154289,33.3,0,Richard Nixon,R,1972
340,Utah,478476,323643,67.6,4,126284,26.4,0,Richard Nixon,R,1972
341,Vermont,186947,117149,62.7,3,68174,36.5,0,Richard Nixon,R,1972
342,Virginia,1457019,988493,67.8,11,438887,30.1,0,Richard Nixon,R,1972
343,Washington,1470847,837135,56.9,9,568334,38.6,0,Richard Nixon,R,1972
344,West Virginia,762399,484964,63.6,6,277435,36.4,0,Richard Nixon,R,1972
345,Wisconsin,1852890,989430,53.4,11,810174,43.7,0,Richard Nixon,R,1972
346,Wyoming,145570,100464,69.0,3,44358,30.5,0,Richard Nixon,R,1972
347,Alabama,1182850,659170,55.7,9,504070,42.6,0,Jimmy Carter,D,1976
348,Alaska,123574,44058,35.7,0,71555,57.9,3,Jimmy Carter,D,1976
349,Arizona,742719,295602,39.8,0,418642,56.4,6,Jimmy Carter,D,1976
350,Arkansas,767535,498604,65.0,6,267903,34.9,0,Jimmy Carter,D,1976
351,California,7867117,3742284,47.6,0,3882244,49.3,45,Jimmy Carter,D,1976
352,Colorado,1081554,460353,42.6,0,584367,54.0,7,Jimmy Carter,D,1976
353,Connecticut,1381526,647895,46.9,0,719261,52.1,8,Jimmy Carter,D,1976
354,Delaware,235834,122596,52.0,3,109831,46.6,0,Jimmy Carter,D,1976
355,Dist. of Col.,168830,137818,81.6,3,27873,16.5,0,Jimmy Carter,D,1976
356,Florida,3150631,1636000,51.9,17,1469531,46.6,0,Jimmy Carter,D,1976
357,Georgia,1467458,979409,66.7,12,483743,33.0,0,Jimmy Carter,D,1976
358,Hawaii,291301,147375,50.6,4,140003,48.1,0,Jimmy Carter,D,1976
359,Idaho,344071,126549,36.8,0,204151,59.3,4,Jimmy Carter,D,1976
360,Illinois,4718914,2271295,48.1,0,2364269,50.1,26,Jimmy Carter,D,1976
361,Indiana,2220362,1014714,45.7,0,1183958,53.3,13,Jimmy Carter,D,1976
362,Iowa,1279306,619931,48.5,0,632863,49.5,8,Jimmy Carter,D,1976
363,Kansas,957845,430421,44.9,0,502752,52.5,7,Jimmy Carter,D,1976
364,Kentucky,1167142,615717,52.8,9,531852,45.6,0,Jimmy Carter,D,1976
365,Louisiana,1278439,661365,51.7,10,587446,46.0,0,Jimmy Carter,D,1976
366,Maine,483216,232279,48.1,0,236320,48.9,4,Jimmy Carter,D,1976
367,Maryland,1439897,759612,52.8,10,672661,46.7,0,Jimmy Carter,D,1976
368,Massachusetts,2547558,1429475,56.1,14,1030276,40.4,0,Jimmy Carter,D,1976
369,Michigan,3653749,1696714,46.4,0,1893742,51.8,21,Jimmy Carter,D,1976
370,Minnesota,1949931,1070440,54.9,10,819395,42.0,0,Jimmy Carter,D,1976
371,Mississippi,769361,381309,49.6,7,366846,47.7,0,Jimmy Carter,D,1976
372,Missouri,1953600,998387,51.1,12,927443,47.5,0,Jimmy Carter,D,1976
373,Montana,328734,149259,45.4,0,173703,52.8,4,Jimmy Carter,D,1976
374,Nebraska,607668,233692,38.5,0,359705,59.2,5,Jimmy Carter,D,1976
375,Nevada,201876,92479,45.8,0,101273,50.2,3,Jimmy Carter,D,1976
376,New Hampshire,339618,147635,43.5,0,185935,54.7,4,Jimmy Carter,D,1976
377,New Jersey,3014472,1444653,47.9,0,1509688,50.1,17,Jimmy Carter,D,1976
378,New Mexico,418409,201148,48.1,0,211419,50.5,4,Jimmy Carter,D,1976
379,New York,6534170,3389558,51.9,41,3100791,47.5,0,Jimmy Carter,D,1976
380,North Carolina,1678914,927365,55.2,13,741960,44.2,0,Jimmy Carter,D,1976
381,North Dakota,297188,136078,45.8,0,153470,51.6,3,Jimmy Carter,D,1976
382,Ohio,4111873,2011621,48.9,25,2000505,48.7,0,Jimmy Carter,D,1976
383,Oklahoma,1092251,532442,48.7,0,545708,50.0,8,Jimmy Carter,D,1976
384,Oregon,1029876,490407,47.6,0,492120,47.8,6,Jimmy Carter,D,1976
385,Pennsylvania,4620787,2328677,50.4,27,2205604,47.7,0,Jimmy Carter,D,1976
386,Rhode Island,411170,227636,55.4,4,181249,44.1,0,Jimmy Carter,D,1976
387,South Carolina,802583,450807,56.2,8,346149,43.1,0,Jimmy Carter,D,1976
388,South Dakota,300678,147068,48.9,0,151505,50.4,4,Jimmy Carter,D,1976
389,Tennessee,1476345,825879,55.9,10,633969,42.9,0,Jimmy Carter,D,1976
390,Texas,4071884,2082319,51.1,26,1953300,48.0,0,Jimmy Carter,D,1976
391,Utah,541198,182110,33.6,0,337908,62.4,4,Jimmy Carter,D,1976
392,Vermont,187765,80954,43.1,0,102085,54.4,3,Jimmy Carter,D,1976
393,Virginia,1697094,813896,48.0,0,836554,49.3,12,Jimmy Carter,D,1976
394,Washington,1555534,717323,46.1,0,777732,50.0,8,Jimmy Carter,D,1976
395,West Virginia,750964,435914,58.0,6,314760,41.9,0,Jimmy Carter,D,1976
396,Wisconsin,2104175,1040232,49.4,11,1004987,47.8,0,Jimmy Carter,D,1976
397,Wyoming,156343,62239,39.8,0,92717,59.3,3,Jimmy Carter,D,1976
398,Alabama,1341929,654192,48.8,9,636730,47.4,0,Ronald Reagan,R,1980
399,Alaska,158445,86112,54.3,3,41842,26.4,0,Ronald Reagan,R,1980
400,Arizona,873945,529688,60.6,6,246843,28.2,0,Ronald Reagan,R,1980
401,Arkansas,837582,403164,48.1,6,398041,47.5,0,Ronald Reagan,R,1980
402,California,8587063,4524858,52.7,45,3083661,35.9,0,Ronald Reagan,R,1980
403,Colorado,1184415,652264,55.1,7,367973,31.1,0,Ronald Reagan,R,1980
404,Connecticut,1406285,677210,48.2,8,541732,38.5,0,Ronald Reagan,R,1980
405,Delaware,235900,111252,47.2,3,105754,44.8,0,Ronald Reagan,R,1980
406,Dist. of Col.,175237,23545,13.4,0,131113,74.8,3,Ronald Reagan,R,1980
407,Florida,3686930,2046951,55.5,17,1419475,38.5,0,Ronald Reagan,R,1980
408,Georgia,1596695,654168,41.0,0,890733,55.8,12,Ronald Reagan,R,1980
409,Hawaii,303287,130112,42.9,0,135879,44.8,4,Ronald Reagan,R,1980
410,Idaho,437431,290699,66.5,4,110192,25.2,0,Ronald Reagan,R,1980
411,Illinois,4749721,2358049,49.6,26,1981413,41.7,0,Ronald Reagan,R,1980
412,Indiana,2242033,1255656,56.0,13,844197,37.7,0,Ronald Reagan,R,1980
413,Iowa,1317661,676026,51.3,8,508672,38.6,0,Ronald Reagan,R,1980
414,Kansas,979795,566812,57.9,7,326150,33.3,0,Ronald Reagan,R,1980
415,Kentucky,1294627,635274,49.1,9,616417,47.6,0,Ronald Reagan,R,1980
416,Louisiana,1548591,792853,51.2,10,708453,45.7,0,Ronald Reagan,R,1980
417,Maine,523011,238522,45.6,4,220974,42.3,0,Ronald Reagan,R,1980
418,Maryland,1540496,680606,44.2,0,726161,47.1,10,Ronald Reagan,R,1980
419,Massachusetts,2522890,1057631,41.9,14,1053802,41.7,0,Ronald Reagan,R,1980
420,Michigan,3909725,1915225,49.0,21,1661532,42.5,0,Ronald Reagan,R,1980
421,Minnesota,2051980,873268,42.6,0,954174,46.5,10,Ronald Reagan,R,1980
422,Mississippi,892620,441089,49.4,7,429281,48.1,0,Ronald Reagan,R,1980
423,Missouri,2099824,1074181,51.2,12,931182,44.3,0,Ronald Reagan,R,1980
424,Montana,363952,206814,56.8,4,118032,32.4,0,Ronald Reagan,R,1980
425,Nebraska,640854,419937,65.5,5,166851,26.0,0,Ronald Reagan,R,1980
426,Nevada,247885,155017,62.5,3,66666,26.9,0,Ronald Reagan,R,1980
427,New Hampshire,383990,221705,57.7,4,108864,28.4,0,Ronald Reagan,R,1980
428,New Jersey,2975684,1546557,52.0,17,1147364,38.6,0,Ronald Reagan,R,1980
429,New Mexico,456971,250779,54.9,4,167826,36.7,0,Ronald Reagan,R,1980
430,New York,6201959,2893831,46.7,41,2728372,44.0,0,Ronald Reagan,R,1980
431,North Carolina,1855833,915018,49.3,13,875635,47.2,0,Ronald Reagan,R,1980
432,North Dakota,301545,193695,64.2,3,79189,26.3,0,Ronald Reagan,R,1980
433,Ohio,4283603,2206545,51.5,25,1752414,40.9,0,Ronald Reagan,R,1980
434,Oklahoma,1149708,695570,60.5,8,402026,35.0,0,Ronald Reagan,R,1980
435,Oregon,1181516,571044,48.3,6,456890,38.7,0,Ronald Reagan,R,1980
436,Pennsylvania,4561501,2261872,49.6,27,1937540,42.5,0,Ronald Reagan,R,1980
437,Rhode Island,416072,154793,37.2,0,198342,47.7,4,Ronald Reagan,R,1980
438,South Carolina,894071,441841,49.4,8,430385,48.1,0,Ronald Reagan,R,1980
439,South Dakota,327703,198343,60.5,4,103855,31.7,0,Ronald Reagan,R,1980
440,Tennessee,1617616,787761,48.7,10,783051,48.4,0,Ronald Reagan,R,1980
441,Texas,4541636,2510705,55.3,26,1881147,41.4,0,Ronald Reagan,R,1980
442,Utah,604222,439687,72.8,4,124266,20.6,0,Ronald Reagan,R,1980
443,Vermont,213299,94628,44.4,3,81952,38.4,0,Ronald Reagan,R,1980
444,Virginia,1866032,989609,53.0,12,752174,40.3,0,Ronald Reagan,R,1980
445,Washington,1742394,865244,49.7,9,650193,37.3,0,Ronald Reagan,R,1980
446,West Virginia,737715,334206,45.3,0,367462,49.8,6,Ronald Reagan,R,1980
447,Wisconsin,2273221,1088845,47.9,11,981584,43.2,0,Ronald Reagan,R,1980
448,Wyoming,176713,110700,62.6,3,49427,28.0,0,Ronald Reagan,R,1980
449,Alabama,1441713,872849,60.5,9,551899,38.3,0,Ronald Reagan,R,1984
450,Alaska,207605,138377,66.7,3,62007,29.9,0,Ronald Reagan,R,1984
451,Arizona,1025897,681416,66.4,7,333854,32.5,0,Ronald Reagan,R,1984
452,Arkansas,884406,534774,60.5,6,338646,38.3,0,Ronald Reagan,R,1984
453,California,9505423,5467009,57.5,47,3922519,41.3,0,Ronald Reagan,R,1984
454,Colorado,1295380,821817,63.4,8,454975,35.1,0,Ronald Reagan,R,1984
455,Connecticut,1466900,890877,60.7,8,569597,38.8,0,Ronald Reagan,R,1984
456,Delaware,254572,152190,59.8,3,101656,39.9,0,Ronald Reagan,R,1984
457,Dist. of Col.,211288,29009,13.7,0,180408,85.4,3,Ronald Reagan,R,1984
458,Florida,4180051,2730350,65.3,21,1448816,34.7,0,Ronald Reagan,R,1984
459,Georgia,1776120,1068722,60.2,12,706628,39.8,0,Ronald Reagan,R,1984
460,Hawaii,335846,185050,55.1,4,147154,43.8,0,Ronald Reagan,R,1984
461,Idaho,411144,297523,72.4,4,108510,26.4,0,Ronald Reagan,R,1984
462,Illinois,4819088,2707103,56.2,24,2086499,43.3,0,Ronald Reagan,R,1984
463,Indiana,2233069,1377230,61.7,12,841481,37.7,0,Ronald Reagan,R,1984
464,Iowa,1319805,703088,53.3,8,605620,45.9,0,Ronald Reagan,R,1984
465,Kansas,1021991,677296,66.3,7,333149,32.6,0,Ronald Reagan,R,1984
466,Kentucky,1369345,821702,60.0,9,539539,39.4,0,Ronald Reagan,R,1984
467,Louisiana,1706822,1037299,60.8,10,651586,38.2,0,Ronald Reagan,R,1984
468,Maine,553144,336500,60.8,4,214515,38.8,0,Ronald Reagan,R,1984
469,Maryland,1675873,879918,52.5,10,787935,47.0,0,Ronald Reagan,R,1984
470,Massachusetts,2559453,1310936,51.2,13,1239606,48.4,0,Ronald Reagan,R,1984
471,Michigan,3801658,2251571,59.2,20,1529638,40.2,0,Ronald Reagan,R,1984
472,Minnesota,2084449,1032603,49.5,0,1036364,49.7,10,Ronald Reagan,R,1984
473,Mississippi,941104,582377,61.9,7,352192,37.4,0,Ronald Reagan,R,1984
474,Missouri,2122783,1274188,60.0,11,848583,40.0,0,Ronald Reagan,R,1984
475,Montana,384377,232450,60.5,4,146742,38.2,0,Ronald Reagan,R,1984
476,Nebraska,652090,460054,70.6,5,187866,28.8,0,Ronald Reagan,R,1984
477,Nevada,286667,188770,65.8,4,91655,32.0,0,Ronald Reagan,R,1984
478,New Hampshire,389066,267051,68.6,4,120395,30.9,0,Ronald Reagan,R,1984
479,New Jersey,3217862,1933630,60.1,16,1261323,39.2,0,Ronald Reagan,R,1984
480,New Mexico,514370,307101,59.7,5,201769,39.2,0,Ronald Reagan,R,1984
481,New York,6806810,3664763,53.8,36,3119609,45.8,0,Ronald Reagan,R,1984
482,North Carolina,2175361,1346481,61.9,13,824287,37.9,0,Ronald Reagan,R,1984
483,North Dakota,308971,200336,64.8,3,104429,33.8,0,Ronald Reagan,R,1984
484,Ohio,4547619,2678560,58.9,23,1825440,40.1,0,Ronald Reagan,R,1984
485,Oklahoma,1255676,861530,68.6,8,385080,30.7,0,Ronald Reagan,R,1984
486,Oregon,1226527,685700,55.9,7,536479,43.7,0,Ronald Reagan,R,1984
487,Pennsylvania,4844903,2584323,53.3,25,2228131,46.0,0,Ronald Reagan,R,1984
488,Rhode Island,410492,212080,51.7,4,197106,48.0,0,Ronald Reagan,R,1984
489,South Carolina,968529,615539,63.6,8,344459,35.6,0,Ronald Reagan,R,1984
490,South Dakota,317867,200267,63.0,3,116113,36.5,0,Ronald Reagan,R,1984
491,Tennessee,1711994,990212,57.8,11,711714,41.6,0,Ronald Reagan,R,1984
492,Texas,5397571,3433428,63.6,29,1949276,36.1,0,Ronald Reagan,R,1984
493,Utah,629656,469105,74.5,5,155369,24.7,0,Ronald Reagan,R,1984
494,Vermont,234561,135865,57.9,3,95730,40.8,0,Ronald Reagan,R,1984
495,Virginia,2146635,1337078,62.3,12,796250,37.1,0,Ronald Reagan,R,1984
496,Washington,1883910,1051670,55.8,10,807352,42.9,0,Ronald Reagan,R,1984
497,West Virginia,735742,405483,55.1,6,328125,44.6,0,Ronald Reagan,R,1984
498,Wisconsin,2211689,1198584,54.2,11,995740,45.0,0,Ronald Reagan,R,1984
499,Wyoming,188968,133241,70.5,3,53370,28.2,0,Ronald Reagan,R,1984
500,Alabama,1378476,815576,59.2,9,549506,39.9,0,George H. W. Bush,R,1988
501,Alaska,200116,119251,59.6,3,72584,36.3,0,George H. W. Bush,R,1988
502,Arizona,1171873,702541,60.0,7,454029,38.7,0,George H. W. Bush,R,1988
503,Arkansas,827738,466578,56.4,6,349237,42.2,0,George H. W. Bush,R,1988
504,California,9887065,5054917,51.1,47,4702233,47.6,0,George H. W. Bush,R,1988
505,Colorado,1372394,728177,53.1,8,621453,45.3,0,George H. W. Bush,R,1988
506,Connecticut,1443394,750241,52.0,8,676584,46.9,0,George H. W. Bush,R,1988
507,Delaware,249891,139639,55.9,3,108647,43.5,0,George H. W. Bush,R,1988
508,Dist. of Col.,192877,27590,14.3,0,159407,82.6,3,George H. W. Bush,R,1988
509,Florida,4302313,2618885,60.9,21,1656701,38.5,0,George H. W. Bush,R,1988
510,Georgia,1809672,1081331,59.8,12,714792,39.5,0,George H. W. Bush,R,1988
511,Hawaii,354461,158625,44.8,0,192364,54.3,4,George H. W. Bush,R,1988
512,Idaho,408968,253881,62.1,4,147272,36.0,0,George H. W. Bush,R,1988
513,Illinois,4559120,2310939,50.7,24,2215940,48.6,0,George H. W. Bush,R,1988
514,Indiana,2168621,1297763,59.8,12,860643,39.7,0,George H. W. Bush,R,1988
515,Iowa,1225614,545355,44.5,0,670557,54.7,8,George H. W. Bush,R,1988
516,Kansas,993044,554049,55.8,7,422636,42.6,0,George H. W. Bush,R,1988
517,Kentucky,1322517,734281,55.5,9,580368,43.9,0,George H. W. Bush,R,1988
518,Louisiana,1628202,883702,54.3,10,717460,44.1,0,George H. W. Bush,R,1988
519,Maine,555035,307131,55.3,4,243569,43.9,0,George H. W. Bush,R,1988
520,Maryland,1714358,876167,51.1,10,826304,48.2,0,George H. W. Bush,R,1988
521,Massachusetts,2632805,1194635,45.4,0,1401415,53.2,13,George H. W. Bush,R,1988
522,Michigan,3669163,1965486,53.6,20,1675783,45.7,0,George H. W. Bush,R,1988
523,Minnesota,2096790,962337,45.9,0,1109471,52.9,10,George H. W. Bush,R,1988
524,Mississippi,931527,557890,59.9,7,363921,39.1,0,George H. W. Bush,R,1988
525,Missouri,2093713,1084953,51.8,11,1001619,47.8,0,George H. W. Bush,R,1988
526,Montana,365674,190412,52.1,4,168936,46.2,0,George H. W. Bush,R,1988
527,Nebraska,661465,397956,60.2,5,259235,39.2,0,George H. W. Bush,R,1988
528,Nevada,350067,206040,58.9,4,132738,37.9,0,George H. W. Bush,R,1988
529,New Hampshire,451074,281537,62.4,4,163696,36.3,0,George H. W. Bush,R,1988
530,New Jersey,3099553,1743192,56.2,16,1320352,42.6,0,George H. W. Bush,R,1988
531,New Mexico,521287,270341,51.9,5,244497,46.9,0,George H. W. Bush,R,1988
532,New York,6485683,3081871,47.5,0,3347882,51.6,36,George H. W. Bush,R,1988
533,North Carolina,2134370,1237258,58.0,13,890167,41.7,0,George H. W. Bush,R,1988
534,North Dakota,297261,166559,56.0,3,127739,43.0,0,George H. W. Bush,R,1988
535,Ohio,4393699,2416549,55.0,23,1939629,44.1,0,George H. W. Bush,R,1988
536,Oklahoma,1171036,678367,57.9,8,483423,41.3,0,George H. W. Bush,R,1988
537,Oregon,1201694,560126,46.6,0,616206,51.3,7,George H. W. Bush,R,1988
538,Pennsylvania,4536251,2300087,50.7,25,2194944,48.4,0,George H. W. Bush,R,1988
539,Rhode Island,404620,177761,43.9,0,225123,55.6,4,George H. W. Bush,R,1988
540,South Carolina,986009,606443,61.5,8,370554,37.6,0,George H. W. Bush,R,1988
541,South Dakota,312991,165415,52.8,3,145560,46.5,0,George H. W. Bush,R,1988
542,Tennessee,1636250,947233,57.9,11,679794,41.5,0,George H. W. Bush,R,1988
543,Texas,5427410,3036829,56.0,29,2352748,43.3,0,George H. W. Bush,R,1988
544,Utah,647008,428442,66.2,5,207343,32.0,0,George H. W. Bush,R,1988
545,Vermont,243328,124331,51.1,3,115775,47.6,0,George H. W. Bush,R,1988
546,Virginia,2191609,1309162,59.7,12,859799,39.2,0,George H. W. Bush,R,1988
547,Washington,1865253,903835,48.5,0,933516,50.0,10,George H. W. Bush,R,1988
548,West Virginia,653311,310065,47.5,0,341016,52.2,5,George H. W. Bush,R,1988
549,Wisconsin,2191608,1047499,47.8,0,1126794,51.4,11,George H. W. Bush,R,1988
550,Wyoming,176551,106867,60.5,3,67113,38.0,0,George H. W. Bush,R,1988
551,Alabama,1688060,804283,47.6,9,690080,40.9,0,Bill Clinton,D,1992
552,Alaska,258506,102000,39.5,3,78294,30.3,0,Bill Clinton,D,1992
553,Arizona,1486975,572086,38.5,8,543050,36.5,0,Bill Clinton,D,1992
554,Arkansas,950653,337324,35.5,0,505823,53.2,6,Bill Clinton,D,1992
555,California,11131721,3630574,32.6,0,5121325,46.0,54,Bill Clinton,D,1992
556,Colorado,1569180,562850,35.9,0,629681,40.1,8,Bill Clinton,D,1992
557,Connecticut,1616332,578313,35.8,0,682318,42.2,8,Bill Clinton,D,1992
558,Delaware,289735,102313,35.3,0,126054,43.5,3,Bill Clinton,D,1992
559,Dist. of Col.,227572,20698,9.1,0,192619,84.6,3,Bill Clinton,D,1992
560,Florida,5314392,2173310,40.9,25,2072698,39.0,0,Bill Clinton,D,1992
561,Georgia,2321125,995252,42.9,0,1008966,43.5,13,Bill Clinton,D,1992
562,Hawaii,372842,136822,36.7,0,179310,48.1,4,Bill Clinton,D,1992
563,Idaho,482142,202645,42.0,4,137013,28.4,0,Bill Clinton,D,1992
564,Illinois,5050157,1734096,34.3,0,2453350,48.6,22,Bill Clinton,D,1992
565,Indiana,2305871,989375,42.9,12,848420,36.8,0,Bill Clinton,D,1992
566,Iowa,1354607,504891,37.3,0,586353,43.3,7,Bill Clinton,D,1992
567,Kansas,1157335,449951,38.9,6,390434,33.7,0,Bill Clinton,D,1992
568,Kentucky,1492900,617178,41.3,0,665104,44.6,8,Bill Clinton,D,1992
569,Louisiana,1790017,733386,41.0,0,815971,45.6,9,Bill Clinton,D,1992
570,Maine,679499,206504,30.4,0,263420,38.8,4,Bill Clinton,D,1992
571,Maryland,1985046,707094,35.6,0,988571,49.8,10,Bill Clinton,D,1992
572,Massachusetts,2773700,805049,29.0,0,1318662,47.5,12,Bill Clinton,D,1992
573,Michigan,4274673,1554940,36.4,0,1871182,43.8,18,Bill Clinton,D,1992
574,Minnesota,2347948,747841,31.9,0,1020997,43.5,10,Bill Clinton,D,1992
575,Mississippi,981793,487793,49.7,7,400258,40.8,0,Bill Clinton,D,1992
576,Missouri,2391565,811159,33.9,0,1053873,44.1,11,Bill Clinton,D,1992
577,Montana,410611,144207,35.1,0,154507,37.6,3,Bill Clinton,D,1992
578,Nebraska,737546,343678,46.6,5,216864,29.4,0,Bill Clinton,D,1992
579,Nevada,506318,175828,34.7,0,189148,37.4,4,Bill Clinton,D,1992
580,New Hampshire,537943,202484,37.6,0,209040,38.9,4,Bill Clinton,D,1992
581,New Jersey,3343594,1356865,40.6,0,1436206,43.0,15,Bill Clinton,D,1992
582,New Mexico,569986,212824,37.3,0,261617,45.9,5,Bill Clinton,D,1992
583,New York,6926925,2346649,33.9,0,3444450,49.7,33,Bill Clinton,D,1992
584,North Carolina,2611850,1134661,43.4,14,1114042,42.7,0,Bill Clinton,D,1992
585,North Dakota,308133,136244,44.2,3,99168,32.2,0,Bill Clinton,D,1992
586,Ohio,4939967,1894310,38.3,0,1984942,40.2,21,Bill Clinton,D,1992
587,Oklahoma,1390359,592929,42.6,8,473066,34.0,0,Bill Clinton,D,1992
588,Oregon,1462643,475757,32.5,0,621314,42.5,7,Bill Clinton,D,1992
589,Pennsylvania,4959810,1791841,36.1,0,2239164,45.1,23,Bill Clinton,D,1992
590,Rhode Island,453477,131601,29.0,0,213299,47.0,4,Bill Clinton,D,1992
591,South Carolina,1202527,577507,48.0,8,479514,39.9,0,Bill Clinton,D,1992
592,South Dakota,336254,136718,40.7,3,124888,37.1,0,Bill Clinton,D,1992
593,Tennessee,1982638,841300,42.4,0,933521,47.1,11,Bill Clinton,D,1992
594,Texas,6154018,2496071,40.6,32,2281815,37.1,0,Bill Clinton,D,1992
595,Utah,743999,322632,43.4,5,183429,24.7,0,Bill Clinton,D,1992
596,Vermont,289701,88122,30.4,0,133592,46.1,3,Bill Clinton,D,1992
597,Virginia,2558665,1150517,45.0,13,1038650,40.6,0,Bill Clinton,D,1992
598,Washington,2288230,731234,32.0,0,993037,43.4,11,Bill Clinton,D,1992
599,West Virginia,683762,241974,35.4,0,331001,48.4,5,Bill Clinton,D,1992
600,Wisconsin,2531114,930855,36.8,0,1041066,41.1,11,Bill Clinton,D,1992
601,Wyoming,200598,79347,39.6,3,68160,34.0,0,Bill Clinton,D,1992
602,Alabama,1534349,769044,50.1,9,662165,43.2,0,Bill Clinton,D,1996
603,Alaska,241620,122746,50.8,3,80380,33.3,0,Bill Clinton,D,1996
604,Arizona,1404405,622073,44.3,0,653288,46.5,8,Bill Clinton,D,1996
605,Arkansas,884262,325416,36.8,0,475171,53.7,6,Bill Clinton,D,1996
606,California,10019484,3828380,38.2,0,5119835,51.1,54,Bill Clinton,D,1996
607,Colorado,1510704,691848,45.8,8,671152,44.4,0,Bill Clinton,D,1996
608,Connecticut,1392614,483109,34.7,0,735740,52.8,8,Bill Clinton,D,1996
609,Delaware,270845,99062,36.6,0,140355,51.8,3,Bill Clinton,D,1996
610,Dist. of Col.,185726,17339,9.3,0,158220,85.2,3,Bill Clinton,D,1996
611,Florida,5303794,2244536,42.3,0,2546870,48.0,25,Bill Clinton,D,1996
612,Georgia,2299071,1080843,47.0,13,1053849,45.8,0,Bill Clinton,D,1996
613,Hawaii,360120,113943,31.6,0,205012,56.9,4,Bill Clinton,D,1996
614,Idaho,491719,256595,52.2,4,165443,33.6,0,Bill Clinton,D,1996
615,Illinois,4311391,1587021,36.8,0,2341744,54.3,22,Bill Clinton,D,1996
616,Indiana,2135431,1006693,47.1,12,887424,41.6,0,Bill Clinton,D,1996
617,Iowa,1234075,492644,39.9,0,620258,50.3,7,Bill Clinton,D,1996
618,Kansas,1074300,583245,54.3,6,387659,36.1,0,Bill Clinton,D,1996
619,Kentucky,1388708,623283,44.9,0,636614,45.8,8,Bill Clinton,D,1996
620,Louisiana,1783959,712586,39.9,0,927837,52.0,9,Bill Clinton,D,1996
621,Maine,605897,186378,30.8,0,312788,51.6,4,Bill Clinton,D,1996
622,Maryland,1780870,681530,38.3,0,966207,54.3,10,Bill Clinton,D,1996
623,Massachusetts,2556786,718107,28.1,0,1571763,61.5,12,Bill Clinton,D,1996
624,Michigan,3848844,1481212,38.5,0,1989653,51.7,18,Bill Clinton,D,1996
625,Minnesota,2192640,766476,35.0,0,1120438,51.1,10,Bill Clinton,D,1996
626,Mississippi,893857,439838,49.2,7,394022,44.1,0,Bill Clinton,D,1996
627,Missouri,2158065,890016,41.2,0,1025935,47.5,11,Bill Clinton,D,1996
628,Montana,407261,179652,44.1,3,167922,41.3,0,Bill Clinton,D,1996
629,Nebraska,677415,363467,53.7,5,236761,35.0,0,Bill Clinton,D,1996
630,Nevada,464279,199244,42.9,0,203974,43.9,4,Bill Clinton,D,1996
631,New Hampshire,499175,196532,39.4,0,246214,49.3,4,Bill Clinton,D,1996
632,New Jersey,3075807,1103078,35.9,0,1652329,53.7,15,Bill Clinton,D,1996
633,New Mexico,556074,232751,41.9,0,273495,49.2,5,Bill Clinton,D,1996
634,New York,6316129,1933492,30.6,0,3756177,59.5,33,Bill Clinton,D,1996
635,North Carolina,2515807,1225938,48.7,14,1107849,44.0,0,Bill Clinton,D,1996
636,North Dakota,266411,125050,46.9,3,106905,40.1,0,Bill Clinton,D,1996
637,Ohio,4534434,1859883,41.0,0,2148222,47.4,21,Bill Clinton,D,1996
638,Oklahoma,1206713,582315,48.3,8,488105,40.4,0,Bill Clinton,D,1996
639,Oregon,1377760,538152,39.1,0,649641,47.2,7,Bill Clinton,D,1996
640,Pennsylvania,4506118,1801169,40.0,0,2215819,49.2,23,Bill Clinton,D,1996
641,Rhode Island,390284,104683,26.8,0,233050,59.7,4,Bill Clinton,D,1996
642,South Carolina,1151689,573458,49.8,8,506283,44.0,0,Bill Clinton,D,1996
643,South Dakota,323826,150543,46.5,3,139333,43.0,0,Bill Clinton,D,1996
644,Tennessee,1894105,863530,45.6,0,909146,48.0,11,Bill Clinton,D,1996
645,Texas,5611644,2736167,48.8,32,2459683,43.8,0,Bill Clinton,D,1996
646,Utah,665629,361911,54.4,5,221633,33.3,0,Bill Clinton,D,1996
647,Vermont,258449,80352,31.1,0,137894,53.4,3,Bill Clinton,D,1996
648,Virginia,2416642,1138350,47.1,13,1091060,45.1,0,Bill Clinton,D,1996
649,Washington,2253837,840712,37.3,0,1123323,49.8,11,Bill Clinton,D,1996
650,West Virginia,636459,233946,36.8,0,327812,51.5,5,Bill Clinton,D,1996
651,Wisconsin,2196169,845029,38.5,0,1071971,48.8,11,Bill Clinton,D,1996
652,Wyoming,211571,105388,49.8,3,77934,36.8,0,Bill Clinton,D,1996
653,Alabama,1666272,941173,56.5,9,692611,41.6,0,George W. Bush,R,2000
654,Alaska,285560,167398,58.6,3,79004,27.7,0,George W. Bush,R,2000
655,Arizona,1532016,781652,51.0,8,685341,44.7,0,George W. Bush,R,2000
656,Arkansas,921781,472940,51.3,6,422768,45.9,0,George W. Bush,R,2000
657,California,10965856,4567429,41.7,0,5861203,53.4,54,George W. Bush,R,2000
658,Colorado,1741368,883748,50.8,8,738227,42.4,0,George W. Bush,R,2000
659,Connecticut,1459525,561094,38.4,0,816015,55.9,8,George W. Bush,R,2000
660,Delaware,327622,137288,41.9,0,180068,55.0,3,George W. Bush,R,2000
661,Dist. of Col.,201894,18073,9.0,0,171923,85.2,2,George W. Bush,R,2000
662,Florida,5963110,2912790,48.8,25,2912253,48.8,0,George W. Bush,R,2000
663,Georgia,2596645,1419720,54.7,13,1116230,43.0,0,George W. Bush,R,2000
664,Hawaii,367951,137845,37.5,0,205286,55.8,4,George W. Bush,R,2000
665,Idaho,501621,336937,67.2,4,138637,27.6,0,George W. Bush,R,2000
666,Illinois,4742123,2019421,42.6,0,2589026,54.6,22,George W. Bush,R,2000
667,Indiana,2199302,1245836,56.6,12,901980,41.0,0,George W. Bush,R,2000
668,Iowa,1315563,634373,48.2,0,638517,48.5,7,George W. Bush,R,2000
669,Kansas,1072218,622332,58.0,6,399276,37.2,0,George W. Bush,R,2000
670,Kentucky,1544187,872492,56.5,8,638898,41.4,0,George W. Bush,R,2000
671,Louisiana,1765656,927871,52.6,9,792344,44.9,0,George W. Bush,R,2000
672,Maine,651817,286616,44.0,0,319951,49.1,4,George W. Bush,R,2000
673,Maryland,2020480,813797,40.3,0,1140782,56.5,10,George W. Bush,R,2000
674,Massachusetts,2702984,878502,32.5,0,1616487,59.8,12,George W. Bush,R,2000
675,Michigan,4232711,1953139,46.1,0,2170418,51.3,18,George W. Bush,R,2000
676,Minnesota,2438685,1109659,45.5,0,1168266,47.9,10,George W. Bush,R,2000
677,Mississippi,994184,572844,57.6,7,404614,40.7,0,George W. Bush,R,2000
678,Missouri,2359892,1189924,50.4,11,1111138,47.1,0,George W. Bush,R,2000
679,Montana,410997,240178,58.4,3,137126,33.4,0,George W. Bush,R,2000
680,Nebraska,697019,433862,62.2,5,231780,33.3,0,George W. Bush,R,2000
681,Nevada,608970,301575,49.5,4,279978,46.0,0,George W. Bush,R,2000
682,New Hampshire,569081,273559,48.1,4,266348,46.8,0,George W. Bush,R,2000
683,New Jersey,3187226,1284173,40.3,0,1788850,56.1,15,George W. Bush,R,2000
684,New Mexico,598605,286417,47.8,0,286783,47.9,5,George W. Bush,R,2000
685,New York,6821999,2403374,35.2,0,4107697,60.2,33,George W. Bush,R,2000
686,North Carolina,2911262,1631163,56.0,14,1257692,43.2,0,George W. Bush,R,2000
687,North Dakota,288256,174852,60.7,3,95284,33.1,0,George W. Bush,R,2000
688,Ohio,4701998,2350363,50.0,21,2183628,46.4,0,George W. Bush,R,2000
689,Oklahoma,1234229,744337,60.3,8,474276,38.4,0,George W. Bush,R,2000
690,Oregon,1533968,713577,46.5,0,720342,47.0,7,George W. Bush,R,2000
691,Pennsylvania,4913119,2281127,46.4,0,2485967,50.6,23,George W. Bush,R,2000
692,Rhode Island,409047,130555,31.9,0,249508,61.0,4,George W. Bush,R,2000
693,South Carolina,1382717,785937,56.8,8,565561,40.9,0,George W. Bush,R,2000
694,South Dakota,316269,190700,60.3,3,118804,37.6,0,George W. Bush,R,2000
695,Tennessee,2076181,1061949,51.1,11,981720,47.3,0,George W. Bush,R,2000
696,Texas,6407637,3799639,59.3,32,2433746,38.0,0,George W. Bush,R,2000
697,Utah,770754,515096,66.8,5,203053,26.3,0,George W. Bush,R,2000
698,Vermont,294308,119775,40.7,0,149022,50.6,3,George W. Bush,R,2000
699,Virginia,2739447,1437490,52.5,13,1217290,44.4,0,George W. Bush,R,2000
700,Washington,2487433,1108864,44.6,0,1247652,50.2,11,George W. Bush,R,2000
701,West Virginia,648124,336475,51.9,5,295497,45.6,0,George W. Bush,R,2000
702,Wisconsin,2598607,1237279,47.6,0,1242987,47.8,11,George W. Bush,R,2000
703,Wyoming,218351,147947,67.8,3,60481,27.7,0,George W. Bush,R,2000
704,Alabama,1883449,1176394,62.5,9,693933,36.8,0,George W. Bush,R,2004
705,Alaska,312598,190889,61.1,3,111025,35.5,0,George W. Bush,R,2004
706,Arizona,2012585,1104294,54.9,10,893524,44.4,0,George W. Bush,R,2004
707,Arkansas,1054945,572898,54.3,6,469953,44.5,0,George W. Bush,R,2004
708,California,12421852,5509826,44.4,0,6745485,54.3,55,George W. Bush,R,2004
709,Colorado,2130330,1101255,51.7,9,1001732,47.0,0,George W. Bush,R,2004
710,Connecticut,1578769,693826,43.9,0,857488,54.3,7,George W. Bush,R,2004
711,Delaware,375190,171660,45.8,0,200152,53.3,3,George W. Bush,R,2004
712,Dist. of Col.,227586,21256,9.3,0,202970,89.2,3,George W. Bush,R,2004
713,Florida,7609810,3964522,52.1,27,3583544,47.1,0,George W. Bush,R,2004
714,Georgia,3301875,1914254,58.0,15,1366149,41.4,0,George W. Bush,R,2004
715,Hawaii,429013,194191,45.3,0,231708,54.0,4,George W. Bush,R,2004
716,Idaho,598447,409235,68.4,4,181098,30.3,0,George W. Bush,R,2004
717,Illinois,5274322,2345946,44.5,0,2891550,54.8,21,George W. Bush,R,2004
718,Indiana,2468002,1479438,59.9,11,969011,39.3,0,George W. Bush,R,2004
719,Iowa,1506908,751957,49.9,7,741898,49.2,0,George W. Bush,R,2004
720,Kansas,1187756,736456,62.0,6,434993,36.6,0,George W. Bush,R,2004
721,Kentucky,1795882,1069439,59.5,8,712733,39.7,0,George W. Bush,R,2004
722,Louisiana,1943106,1102169,56.7,9,820299,42.2,0,George W. Bush,R,2004
723,Maine,740752,330201,44.6,0,396842,53.6,4,George W. Bush,R,2004
724,Maryland,2386678,1024703,42.9,0,1334493,55.9,10,George W. Bush,R,2004
725,Massachusetts,2912388,1071109,36.8,0,1803800,61.9,12,George W. Bush,R,2004
726,Michigan,4839252,2313746,47.8,0,2479183,51.2,17,George W. Bush,R,2004
727,Minnesota,2828387,1346695,47.6,0,1445014,51.1,9,George W. Bush,R,2004
728,Mississippi,1152145,684981,59.5,6,458094,39.8,0,George W. Bush,R,2004
729,Missouri,2731364,1455713,53.3,11,1259171,46.1,0,George W. Bush,R,2004
730,Montana,450445,266063,59.1,3,173710,38.6,0,George W. Bush,R,2004
731,Nebraska,778186,512814,65.9,5,254328,32.7,0,George W. Bush,R,2004
732,Nevada,829587,418690,50.5,5,397190,47.9,0,George W. Bush,R,2004
733,New Hampshire,677738,331237,48.9,0,340511,50.2,4,George W. Bush,R,2004
734,New Jersey,3611691,1670003,46.2,0,1911430,52.9,15,George W. Bush,R,2004
735,New Mexico,756304,376930,49.8,5,370942,49.0,0,George W. Bush,R,2004
736,New York,7391036,2962567,40.1,0,4314280,58.4,31,George W. Bush,R,2004
737,North Carolina,3501007,1961166,56.0,15,1525849,43.6,0,George W. Bush,R,2004
738,North Dakota,312833,196651,62.9,3,111052,35.5,0,George W. Bush,R,2004
739,Ohio,5627908,2859768,50.8,20,2741167,48.7,0,George W. Bush,R,2004
740,Oklahoma,1463758,959792,65.6,7,503966,34.4,0,George W. Bush,R,2004
741,Oregon,1836782,866831,47.2,0,943163,51.3,7,George W. Bush,R,2004
742,Pennsylvania,5769590,2793847,48.4,0,2938095,50.9,21,George W. Bush,R,2004
743,Rhode Island,437134,169046,38.7,0,259765,59.4,4,George W. Bush,R,2004
744,South Carolina,1617730,937974,58.0,8,661699,40.9,0,George W. Bush,R,2004
745,South Dakota,388215,232584,59.9,3,149244,38.4,0,George W. Bush,R,2004
746,Tennessee,2437319,1384375,56.8,11,1036477,42.5,0,George W. Bush,R,2004
747,Texas,7410765,4526917,61.1,34,2832704,38.2,0,George W. Bush,R,2004
748,Utah,927844,663742,71.5,5,241199,26.0,0,George W. Bush,R,2004
749,Vermont,312309,121180,38.8,0,184067,58.9,3,George W. Bush,R,2004
750,Virginia,3198367,1716959,53.7,13,1454742,45.5,0,George W. Bush,R,2004
751,Washington,2859084,1304894,45.6,0,1510201,52.8,11,George W. Bush,R,2004
752,West Virginia,755887,423778,56.1,5,326541,43.2,0,George W. Bush,R,2004
753,Wisconsin,2997007,1478120,49.3,0,1489504,49.7,10,George W. Bush,R,2004
754,Wyoming,243428,167629,68.9,3,70776,29.1,0,George W. Bush,R,2004
755,Alabama,2099819,1266546,60.3%,9,813479,38.7%,0,Barack Obama,D,2008
756,Alaska,326197,193841,59.4%,3,123594,37.9%,0,Barack Obama,D,2008
757,Arizona,2293475,1230111,53.6%,10,1034707,45.1%,0,Barack Obama,D,2008
758,Arkansas,1086617,638017,58.7%,6,422310,38.9%,0,Barack Obama,D,2008
759,California,13561900,5011781,37.0%,0,8274473,61.0%,55,Barack Obama,D,2008
760,Colorado,2401361,1073589,44.7%,0,1288576,53.7%,9,Barack Obama,D,2008
761,Connecticut,1646792,629428,38.2%,0,997772,60.6%,7,Barack Obama,D,2008
762,Delaware,412412,152374,36.9%,0,255459,61.9%,3,Barack Obama,D,2008
763,Dist. of Col.,265853,17367,6.5%,0,245800,92.5%,3,Barack Obama,D,2008
764,Florida,8390744,4045624,48.2%,0,4282074,51.0%,27,Barack Obama,D,2008
765,Georgia,3924440,2048744,52.2%,15,1844137,47.0%,0,Barack Obama,D,2008
766,Hawaii,453568,120566,26.6%,0,325871,71.8%,4,Barack Obama,D,2008
767,Idaho,655032,403012,61.5%,4,236440,36.1%,0,Barack Obama,D,2008
768,Illinois,5523051,2031527,36.8%,0,3419673,61.9%,21,Barack Obama,D,2008
769,Indiana,2751054,1345648,48.9%,0,1374039,49.9%,11,Barack Obama,D,2008
770,Iowa,1543662,682379,44.2%,0,828940,53.7%,7,Barack Obama,D,2008
771,Kansas,1235872,699655,56.6%,6,514765,41.7%,0,Barack Obama,D,2008
772,Kentucky,1826508,1048462,57.4%,8,751985,41.2%,0,Barack Obama,D,2008
773,Louisiana,1960761,1148275,58.6%,9,782989,39.9%,0,Barack Obama,D,2008
774,Maine,731163,295273,40.4%,0,421923,57.7%,4,Barack Obama,D,2008
775,Maryland,2631596,959862,36.5%,0,1629467,61.9%,10,Barack Obama,D,2008
776,Massachusetts,3080985,1108854,36.0%,0,1904097,61.8%,12,Barack Obama,D,2008
777,Michigan,5001766,2048639,41.0%,0,2872579,57.4%,17,Barack Obama,D,2008
778,Minnesota,2910369,1275409,43.8%,0,1573354,54.1%,10,Barack Obama,D,2008
779,Mississippi,1289865,724597,56.2%,6,554662,43.0%,0,Barack Obama,D,2008
780,Missouri,2925205,1445814,49.4%,11,1441911,49.3%,0,Barack Obama,D,2008
781,Montana,490109,242763,49.5%,3,231667,47.3%,0,Barack Obama,D,2008
782,Nebraska,801281,452979,56.5%,4,333319,41.6%,1,Barack Obama,D,2008
783,Nevada,967848,412827,42.7%,0,533736,55.1%,5,Barack Obama,D,2008
784,New Hampshire,707611,316534,44.7%,0,384826,54.4%,4,Barack Obama,D,2008
785,New Jersey,3868237,1613207,41.7%,0,2215422,57.3%,15,Barack Obama,D,2008
786,New Mexico,830158,346832,41.8%,0,472422,56.9%,5,Barack Obama,D,2008
787,New York,7591233,2742298,36.1%,0,4769700,62.8%,31,Barack Obama,D,2008
788,North Carolina,4310789,2128474,49.4%,0,2142651,49.7%,15,Barack Obama,D,2008
789,North Dakota,316621,168601,53.3%,3,141278,44.6%,0,Barack Obama,D,2008
790,Ohio,5698260,2674491,46.9%,0,2933388,51.5%,20,Barack Obama,D,2008
791,Oklahoma,1462661,960165,65.6%,7,502496,34.4%,0,Barack Obama,D,2008
792,Oregon,1827864,738475,40.4%,0,1037291,56.7%,7,Barack Obama,D,2008
793,Pennsylvania,6034745,2655885,44.0%,0,3276363,54.3%,21,Barack Obama,D,2008
794,Rhode Island,469767,165391,35.2%,0,296571,63.1%,4,Barack Obama,D,2008
795,South Carolina,1920969,1034896,53.9%,8,862449,44.9%,0,Barack Obama,D,2008
796,South Dakota,381975,203054,53.2%,3,170924,44.7%,0,Barack Obama,D,2008
797,Tennessee,2599749,1479178,56.9%,11,1087437,41.8%,0,Barack Obama,D,2008
798,Texas,8077795,4479328,55.5%,34,3528633,43.7%,0,Barack Obama,D,2008
799,Utah,952370,596030,62.6%,5,327670,34.4%,0,Barack Obama,D,2008
800,Vermont,325046,98974,30.4%,0,219262,67.5%,3,Barack Obama,D,2008
801,Virginia,3723260,1725005,46.3%,0,1959532,52.6%,13,Barack Obama,D,2008
802,Washington,3036878,1229216,40.5%,0,1750848,57.7%,11,Barack Obama,D,2008
803,West Virginia,713362,397466,55.7%,5,303857,42.6%,0,Barack Obama,D,2008
804,Wisconsin,2983417,1262393,42.3%,0,1677211,56.2%,10,Barack Obama,D,2008
805,Wyoming,256035,164958,64.4%,3,82868,32.4%,0,Barack Obama,D,2008
806,Alabama,2074338,1255925,60.5%,9,795696,38.4%,0,Barack Obama,D,2012
807,Alaska,300495,164676,54.8%,3,122640,40.8%,0,Barack Obama,D,2012
808,Arizona,2299254,1233654,53.7%,11,1025232,44.6%,0,Barack Obama,D,2012
809,Arkansas,1069468,647744,60.6%,6,394409,36.9%,0,Barack Obama,D,2012
810,California,13038547,4839958,37.1%,0,7854285,60.2%,55,Barack Obama,D,2012
811,Colorado,2569520,1185243,46.1%,0,1323101,51.5%,9,Barack Obama,D,2012
812,Connecticut,1558960,634892,40.7%,0,905083,58.1%,7,Barack Obama,D,2012
813,Delaware,413921,165484,40.0%,0,242584,58.6%,3,Barack Obama,D,2012
814,Dist. of Col.,293764,21381,7.3%,0,267070,90.9%,3,Barack Obama,D,2012
815,Florida,8474179,4163447,49.1%,0,4237756,50.0%,29,Barack Obama,D,2012
816,Georgia,3900050,2078688,53.3%,16,1773827,45.5%,0,Barack Obama,D,2012
817,Hawaii,434697,121015,27.8%,0,306658,70.5%,4,Barack Obama,D,2012
818,Idaho,652274,420911,64.5%,4,212787,32.6%,0,Barack Obama,D,2012
819,Illinois,5242014,2135216,40.7%,0,3019512,57.6%,20,Barack Obama,D,2012
820,Indiana,2624534,1420543,54.1%,11,1152887,43.9%,0,Barack Obama,D,2012
821,Iowa,1582180,730617,46.2%,0,822544,52.0%,6,Barack Obama,D,2012
822,Kansas,1159971,692634,59.7%,6,440726,38.0%,0,Barack Obama,D,2012
823,Kentucky,1797212,1087190,60.5%,8,679370,37.8%,0,Barack Obama,D,2012
824,Louisiana,1994065,1152262,57.8%,8,809141,40.6%,0,Barack Obama,D,2012
825,Maine,713180,292276,41.0%,0,401306,56.3%,4,Barack Obama,D,2012
826,Maryland,2707327,971869,35.9%,0,1677844,62.0%,10,Barack Obama,D,2012
827,Massachusetts,3167767,1188314,37.5%,0,1921290,60.7%,11,Barack Obama,D,2012
828,Michigan,4730961,2115256,44.7%,0,2564569,54.2%,16,Barack Obama,D,2012
829,Minnesota,2936561,1320225,45.0%,0,1546167,52.7%,10,Barack Obama,D,2012
830,Mississippi,1285584,710746,55.3%,6,562949,43.8%,0,Barack Obama,D,2012
831,Missouri,2757323,1482440,53.8%,10,1223796,44.4%,0,Barack Obama,D,2012
832,Montana,484048,267928,55.4%,3,201839,41.7%,0,Barack Obama,D,2012
833,Nebraska,794379,475064,59.8%,5,302081,38.0%,0,Barack Obama,D,2012
834,Nevada,1014918,463567,45.7%,0,531373,52.4%,6,Barack Obama,D,2012
835,New Hampshire,710972,329918,46.5%,0,369561,52.0%,4,Barack Obama,D,2012
836,New Jersey,3638499,1478088,40.6%,0,2122786,58.3%,14,Barack Obama,D,2012
837,New Mexico,783758,335788,42.8%,0,415335,53.0%,5,Barack Obama,D,2012
838,New York,7061925,2485432,35.2%,0,4471871,63.4%,29,Barack Obama,D,2012
839,North Carolina,4505372,2270395,50.4%,15,2178391,48.4%,0,Barack Obama,D,2012
840,North Dakota,322932,188320,58.3%,3,124966,38.7%,0,Barack Obama,D,2012
841,Ohio,5580822,2661407,47.7%,0,2827621,50.7%,18,Barack Obama,D,2012
842,Oklahoma,1334872,891325,66.8%,7,443547,33.2%,0,Barack Obama,D,2012
843,Oregon,1789270,754175,42.1%,0,970488,54.2%,7,Barack Obama,D,2012
844,Pennsylvania,5753670,2680434,46.7%,0,2990274,52.1%,20,Barack Obama,D,2012
845,Rhode Island,446049,157204,35.2%,0,279677,62.7%,4,Barack Obama,D,2012
846,South Carolina,1964118,1071645,54.6%,9,865941,44.1%,0,Barack Obama,D,2012
847,South Dakota,363815,210610,57.9%,3,145039,39.9%,0,Barack Obama,D,2012
848,Tennessee,2458577,1462330,59.5%,11,960709,39.1%,0,Barack Obama,D,2012
849,Texas,7993851,4569843,57.2%,38,3308124,41.4%,0,Barack Obama,D,2012
850,Utah,1017440,740600,72.8%,6,251813,24.7%,0,Barack Obama,D,2012
851,Vermont,299290,92698,31.0%,0,199239,66.6%,3,Barack Obama,D,2012
852,Virginia,3854490,1822522,47.3%,0,1971820,51.2%,13,Barack Obama,D,2012
853,Washington,3125516,1290670,41.3%,0,1755396,56.2%,12,Barack Obama,D,2012
854,West Virginia,670438,417655,62.3%,5,238269,35.5%,0,Barack Obama,D,2012
855,Wisconsin,3071434,1410966,46.0%,0,1620985,52.9%,10,Barack Obama,D,2012
856,Wyoming,249061,170962,68.6%,3,69286,27.8%,0,Barack Obama,D,2012
857,Alabama,2123372,1318255,62.1%,9,729547,34.4%,0,Donald Trump,R,2016
858,Alaska,318608,163387,51.3%,3,116454,36.6%,0,Donald Trump,R,2016
859,Arizona,2573165,1252401,48.7%,11,1161167,45.1%,0,Donald Trump,R,2016
860,Arkansas,1130635,684872,60.6%,6,380494,33.7%,0,Donald Trump,R,2016
861,California,14181595,4483810,31.6%,0,8753788,61.7%,55,Donald Trump,R,2016
862,Colorado,2780220,1202484,43.3%,0,1338870,48.2%,9,Donald Trump,R,2016
863,Connecticut,1644920,673215,40.9%,0,897572,54.6%,7,Donald Trump,R,2016
864,Delaware,441590,185127,41.9%,0,235603,53.4%,3,Donald Trump,R,2016
865,Dist. of Col.,311268,12723,4.1%,0,282830,90.9%,3,Donald Trump,R,2016
866,Florida,9420039,4617886,49.0%,29,4504975,47.8%,0,Donald Trump,R,2016
867,Georgia,4092373,2089104,51.0%,16,1877963,45.9%,0,Donald Trump,R,2016
868,Hawaii,428937,128847,30.0%,0,266891,62.2%,4,Donald Trump,R,2016
869,Idaho,690255,409055,59.3%,4,189765,27.5%,0,Donald Trump,R,2016
870,Illinois,5536424,2146015,38.8%,0,3090729,55.8%,20,Donald Trump,R,2016
871,Indiana,2734958,1557286,56.9%,11,1033126,37.8%,0,Donald Trump,R,2016
872,Iowa,1566031,800983,51.1%,6,653669,41.7%,0,Donald Trump,R,2016
873,Kansas,1184402,671018,56.7%,6,427005,36.1%,0,Donald Trump,R,2016
874,Kentucky,1924149,1202971,62.5%,8,628854,32.7%,0,Donald Trump,R,2016
875,Louisiana,2029032,1178638,58.1%,8,780154,38.4%,0,Donald Trump,R,2016
876,Maine,747927,335593,44.9%,1,357735,47.8%,3,Donald Trump,R,2016
877,Maryland,2781446,943169,33.9%,0,1677928,60.3%,10,Donald Trump,R,2016
878,Massachusetts,3325046,1090893,32.8%,0,1995196,60.0%,11,Donald Trump,R,2016
879,Michigan,4799284,2279543,47.5%,16,2268839,47.3%,0,Donald Trump,R,2016
880,Minnesota,2944813,1322951,44.9%,0,1367716,46.4%,10,Donald Trump,R,2016
881,Mississippi,1209357,700714,57.9%,6,485131,40.1%,0,Donald Trump,R,2016
882,Missouri,2808605,1594511,56.8%,10,1071068,38.1%,0,Donald Trump,R,2016
883,Montana,494526,279240,56.5%,3,177709,35.9%,0,Donald Trump,R,2016
884,Nebraska,844227,495961,58.7%,2,284494,33.7%,0,Donald Trump,R,2016
885,CD-1,282338,158626,56.2%,1,100126,35.5%,0,Donald Trump,R,2016
886,CD-2,291680,137564,47.2%,1,131030,44.9%,0,Donald Trump,R,2016
887,CD-3,270109,199657,73.9%,1,53290,19.7%,0,Donald Trump,R,2016
888,Nevada,1125385,512058,45.5%,0,539260,47.9%,6,Donald Trump,R,2016
889,New Hampshire,744296,345790,46.5%,0,348526,46.8%,4,Donald Trump,R,2016
890,New Jersey,3874046,1601933,41.4%,0,2148278,55.5%,14,Donald Trump,R,2016
891,New Mexico,798318,319666,40.0%,0,385234,48.3%,5,Donald Trump,R,2016
892,New York,7622328,2790073,36.6%,0,4491191,58.9%,29,Donald Trump,R,2016
893,North Carolina,4741558,2362628,49.8%,15,2189313,46.2%,0,Donald Trump,R,2016
894,North Dakota,344360,216794,63.0%,3,93758,27.2%,0,Donald Trump,R,2016
895,Ohio,5496487,2841005,51.7%,18,2394164,43.6%,0,Donald Trump,R,2016
896,Oklahoma,1452992,949136,65.3%,7,420375,28.9%,0,Donald Trump,R,2016
897,Oregon,2001336,782403,39.1%,0,1002106,50.1%,7,Donald Trump,R,2016
898,Pennsylvania,6115402,2970733,48.6%,20,2926441,47.9%,0,Donald Trump,R,2016
899,Rhode Island,464144,180543,38.9%,0,252525,54.4%,4,Donald Trump,R,2016
900,South Carolina,2103027,1155389,54.9%,9,855373,40.7%,0,Donald Trump,R,2016
901,South Dakota,370047,227701,61.5%,3,117442,31.7%,0,Donald Trump,R,2016
902,Tennessee,2508027,1522925,60.7%,11,870695,34.7%,0,Donald Trump,R,2016
903,Texas,8969226,4685047,52.2%,38,3877868,43.2%,0,Donald Trump,R,2016
904,Utah,1131430,515231,45.5%,6,310676,27.5%,0,Donald Trump,R,2016
905,Vermont,315067,95369,30.3%,0,178573,56.7%,3,Donald Trump,R,2016
906,Virginia,3982752,1769443,44.4%,0,1981473,49.8%,13,Donald Trump,R,2016
907,Washington,3209214,1221747,38.1%,0,1742718,54.3%,12,Donald Trump,R,2016
908,West Virginia,713051,489371,68.6%,5,188794,26.5%,0,Donald Trump,R,2016
909,Wisconsin,2976150,1405284,47.2%,10,1382536,46.5%,0,Donald Trump,R,2016
910,Wyoming,255849,174419,68.2%,3,55973,21.9%,0,Donald Trump,R,2016
911,Alabama,2323282,1441170,62.03%,9,849624,36.57%,0,Joe Biden,D,2020
912,Alaska,359530,189951,52.83%,3,153778,42.77%,0,Joe Biden,D,2020
913,Arizona,3387326,1661686,49.06%,0,1672143,49.36%,11,Joe Biden,D,2020
914,Arkansas,1219069,760647,62.40%,6,423932,34.78%,0,Joe Biden,D,2020
915,California,17500881,6006429,34.32%,0,11110250,63.48%,55,Joe Biden,D,2020
916,Colorado,3256952,1364607,41.90%,0,1804352,55.40%,9,Joe Biden,D,2020
917,Connecticut,1824280,715291,39.21%,0,1080680,59.24%,7,Joe Biden,D,2020
918,Delaware,504010,200603,39.80%,0,296268,58.78%,3,Joe Biden,D,2020
919,District of Columbia,344356,18586,5.40%,0,317323,92.15%,3,Joe Biden,D,2020
920,Florida,11067456,5668731,51.22%,29,5297045,47.86%,0,Joe Biden,D,2020
921,Georgia,4997716,2461854,49.26%,0,2473633,49.50%,16,Joe Biden,D,2020
922,Hawaii,574469,196864,34.27%,0,366130,63.73%,4,Joe Biden,D,2020
923,Idaho,868014,554119,63.84%,4,287021,33.07%,0,Joe Biden,D,2020
924,Illinois,6033744,2446891,40.55%,0,3471915,57.54%,20,Joe Biden,D,2020
925,Indiana,3033121,1729519,57.02%,11,1242416,40.96%,0,Joe Biden,D,2020
926,Iowa,1690871,897672,53.09%,6,759061,44.89%,0,Joe Biden,D,2020
927,Kansas,1372303,771406,56.21%,6,570323,41.56%,0,Joe Biden,D,2020
928,Kentucky,2136768,1326646,62.09%,8,772474,36.15%,0,Joe Biden,D,2020
929,Louisiana,2148062,1255776,58.46%,8,856034,39.85%,0,Joe Biden,D,2020
930,Maine,819461,360737,44.02%,0,435072,53.09%,2,Joe Biden,D,2020
931,CD-1,443112,164045,37.02%,0,266376,60.11%,1,Joe Biden,D,2020
932,CD-2,376349,196692,52.26%,1,168696,44.82%,0,Joe Biden,D,2020
933,Maryland,3037030,976414,32.15%,0,1985023,65.36%,10,Joe Biden,D,2020
934,Massachusetts,3631403,1167202,32.14%,0,2382202,65.60%,11,Joe Biden,D,2020
935,Michigan,5539301,2649852,47.84%,0,2804040,50.62%,16,Joe Biden,D,2020
936,Minnesota,3277171,1484065,45.28%,0,1717077,52.40%,10,Joe Biden,D,2020
937,Mississippi,1313759,756764,57.60%,6,539398,41.06%,0,Joe Biden,D,2020
938,Missouri,3025962,1718736,56.80%,10,1253014,41.41%,0,Joe Biden,D,2020
939,Montana,603640,343602,56.92%,3,244786,40.55%,0,Joe Biden,D,2020
940,Nebraska,951712,556846,58.51%,2,374583,39.36%,0,Joe Biden,D,2020
941,CD-1,321886,180290,56.01%,1,132261,41.09%,0,Joe Biden,D,2020
942,CD-2,339666,154377,45.45%,0,176468,51.95%,1,Joe Biden,D,2020
943,CD-3,294831,222179,75.36%,1,65854,22.34%,0,Joe Biden,D,2020
944,Nevada,1405376,669890,47.67%,0,703486,50.06%,6,Joe Biden,D,2020
945,New Hampshire,806205,365660,45.36%,0,424937,52.71%,4,Joe Biden,D,2020
946,New Jersey,4549353,1883274,41.40%,0,2608335,57.33%,14,Joe Biden,D,2020
947,New Mexico,923965,401894,43.50%,0,501614,54.29%,5,Joe Biden,D,2020
948,New York,8594826,3244798,37.75%,0,5230985,60.86%,29,Joe Biden,D,2020
949,North Carolina,5524804,2758775,49.93%,15,2684292,48.59%,0,Joe Biden,D,2020
950,North Dakota,361819,235595,65.11%,3,114902,31.76%,0,Joe Biden,D,2020
951,Ohio,5922202,3154834,53.27%,18,2679165,45.24%,0,Joe Biden,D,2020
952,Oklahoma,1560699,1020280,65.37%,7,503890,32.29%,0,Joe Biden,D,2020
953,Oregon,2374321,958448,40.37%,0,1340383,56.45%,7,Joe Biden,D,2020
954,Pennsylvania,6915283,3377674,48.84%,0,3458229,50.01%,20,Joe Biden,D,2020
955,Rhode Island,517757,199922,38.61%,0,307486,59.39%,4,Joe Biden,D,2020
956,South Carolina,2513329,1385103,55.11%,9,1091541,43.43%,0,Joe Biden,D,2020
957,South Dakota,422609,261043,61.77%,3,150471,35.61%,0,Joe Biden,D,2020
958,Tennessee,3053851,1852475,60.66%,11,1143711,37.45%,0,Joe Biden,D,2020
959,Texas,11315056,5890347,52.06%,38,5259126,46.48%,0,Joe Biden,D,2020
960,Utah,1488289,865140,58.13%,6,560282,37.65%,0,Joe Biden,D,2020
961,Vermont,367428,112704,30.67%,0,242820,66.09%,3,Joe Biden,D,2020
962,Virginia,4460524,1962430,44.00%,0,2413568,54.11%,13,Joe Biden,D,2020
963,Washington,4087631,1584651,38.77%,0,2369612,57.97%,12,Joe Biden,D,2020
964,West Virginia,794652,545382,68.63%,5,235984,29.70%,0,Joe Biden,D,2020
965,Wisconsin,3298041,1610184,48.82%,0,1630866,49.45%,10,Joe Biden,D,2020
966,Wyoming,276765,193559,69.94%,3,73491,26.55%,0,Joe Biden,D,2020
967,Alabama,2265090,1462616,64.57%,9,772412,34.10%,0,Donald Trump,R,2024
968,Alaska,338177,184458,54.54%,3,140026,41.41%,0,Donald Trump,R,2024
969,Arizona,3390161,1770242,52.22%,11,1582860,46.69%,0,Donald Trump,R,2024
970,Arkansas,1182676,759241,64.20%,6,396905,33.56%,0,Donald Trump,R,2024
971,California,15865475,6081697,38.33%,0,9276179,58.47%,54,Donald Trump,R,2024
972,Colorado,3192745,1377441,43.14%,0,1728159,54.13%,10,Donald Trump,R,2024
973,Connecticut,1759010,736918,41.89%,0,992053,56.40%,7,Donald Trump,R,2024
974,Delaware,511697,214351,41.89%,0,289758,56.63%,3,Donald Trump,R,2024
975,District of Columbia,325869,21076,6.47%,0,294185,90.28%,3,Donald Trump,R,2024
976,Florida,10893752,6110125,56.09%,30,4683038,42.99%,0,Donald Trump,R,2024
977,Georgia,5250047,2663117,50.73%,16,2548017,48.53%,0,Donald Trump,R,2024
978,Hawaii,516701,193661,37.48%,0,313044,60.59%,4,Donald Trump,R,2024
979,Idaho,904812,605246,66.89%,4,274972,30.39%,0,Donald Trump,R,2024
980,Illinois,5633310,2449079,43.47%,0,3062863,54.37%,19,Donald Trump,R,2024
981,Indiana,2936677,1720347,58.58%,11,1163603,39.62%,0,Donald Trump,R,2024
982,Iowa,1663506,927019,55.73%,6,707278,42.52%,0,Donald Trump,R,2024
983,Kansas,1327591,758802,57.16%,6,544853,41.04%,0,Donald Trump,R,2024
984,Kentucky,2074530,1337494,64.47%,8,704043,33.94%,0,Donald Trump,R,2024
985,Louisiana,2006975,1208505,60.22%,8,766870,38.21%,0,Donald Trump,R,2024
986,Maine,830794,377977,45.50%,0,435652,52.44%,2,Donald Trump,R,2024
987,CD-1,433356,165214,38.12%,0,258863,59.73%,1,Donald Trump,R,2024
988,CD-2,397438,212763,53.53%,1,176789,44.48%,0,Donald Trump,R,2024
989,Maryland,3038334,1035550,34.08%,0,1902577,62.62%,10,Donald Trump,R,2024
990,Massachusetts,3473668,1251303,36.02%,0,2126518,61.22%,11,Donald Trump,R,2024
991,Michigan,5664186,2816636,49.73%,15,2736533,48.31%,0,Donald Trump,R,2024
992,Minnesota,3253920,1519032,46.68%,0,1656979,50.92%,10,Donald Trump,R,2024
993,Mississippi,1228008,747744,60.89%,6,466668,38.00%,0,Donald Trump,R,2024
994,Missouri,2995327,1751986,58.49%,10,1200599,40.08%,0,Donald Trump,R,2024
995,Montana,602963,352079,58.39%,4,231906,38.46%,0,Donald Trump,R,2024
996,Nebraska,947159,564816,59.63%,2,369995,39.06%,0,Donald Trump,R,2024
997,CD-1,318304,177666,55.82%,1,136153,42.77%,0,Donald Trump,R,2024
998,CD-2,316690,148905,47.02%,0,163541,51.64%,1,Donald Trump,R,2024
999,CD-3,312165,238245,76.32%,1,70301,22.52%,0,Donald Trump,R,2024
1000,Nevada,1484840,751205,50.59%,6,705197,47.49%,0,Donald Trump,R,2024
1001,New Hampshire,826189,395523,47.87%,0,418488,50.65%,4,Donald Trump,R,2024
1002,New Jersey,4272725,1968215,46.06%,0,2220713,51.97%,14,Donald Trump,R,2024
1003,New Mexico,923403,423391,45.85%,0,478802,51.85%,5,Donald Trump,R,2024
1004,New York,8262495,3578899,43.31%,0,4619195,55.91%,28,Donald Trump,R,2024
1005,North Carolina,5699141,2898423,50.86%,16,2715375,47.65%,0,Donald Trump,R,2024
1006,North Dakota,368155,246505,66.96%,3,112327,30.51%,0,Donald Trump,R,2024
1007,Ohio,5767788,3180116,55.14%,17,2533699,43.93%,0,Donald Trump,R,2024
1008,Oklahoma,1566173,1036213,66.16%,7,499599,31.90%,0,Donald Trump,R,2024
1009,Oregon,2244493,919480,40.97%,0,1240600,55.27%,8,Donald Trump,R,2024
1010,Pennsylvania,7034206,3543308,50.37%,19,3423042,48.66%,0,Donald Trump,R,2024
1011,Rhode Island,513386,214406,41.76%,0,285156,55.54%,4,Donald Trump,R,2024
1012,South Carolina,2548140,1483747,58.23%,9,1028452,40.36%,0,Donald Trump,R,2024
1013,South Dakota,428922,272081,63.43%,3,146859,34.24%,0,Donald Trump,R,2024
1014,Tennessee,3063942,1966865,64.19%,11,1056265,34.47%,0,Donald Trump,R,2024
1015,Texas,11388674,6393597,56.14%,40,4835250,42.46%,0,Donald Trump,R,2024
1016,Utah,1488494,883818,59.38%,6,562566,37.79%,0,Donald Trump,R,2024
1017,Vermont,369422,119395,32.32%,0,235791,63.83%,3,Donald Trump,R,2024
1018,Virginia,4505941,2075085,46.05%,0,2335395,51.83%,13,Donald Trump,R,2024
1019,Washington,3924243,1530923,39.01%,0,2245849,57.23%,12,Donald Trump,R,2024
1020,West Virginia,762390,533556,69.98%,4,214309,28.11%,0,Donald Trump,R,2024
1021,Wisconsin,3415787,1697626,49.70%,10,1668229,48.84%,0,Donald Trump,R,2024
1022,Wyoming,269048,192633,71.60%,3,69527,25.84%,0,Donald Trump,R,2024
